id;uic_origine;uic_destination;itineraire;statut_force;remarque
1;87713040;87718007;grande_vitesse;;
2;87713040;87713412;grande_vitesse;;
3;87713040;87192039;grande_vitesse;;
4;87713040;87212027;grande_vitesse;;
5;87713040;87182014;grande_vitesse;;
6;87713040;87182063;grande_vitesse;;
7;87713040;87319012;grande_vitesse;;
8;87713040;87318964;grande_vitesse;;
9;87713040;87191973;grande_vitesse;;
10;87713040;87781005;grande_vitesse;;
11;87713040;87141002;grande_vitesse;;
12;87713040;87775007;grande_vitesse;;
13;87713040;87715136;grande_vitesse;;
14;87713040;87713131;grande_vitesse;;
15;87713040;87725689;grande_vitesse;;
16;87713040;87757625;grande_vitesse;;
17;87713040;87723197;grande_vitesse;;
18;87713040;87722025;grande_vitesse;;
19;87713040;87718833;grande_vitesse;;
20;87713040;87773002;grande_vitesse;;
21;87713040;87751008;grande_vitesse;;
22;87713040;87756056;grande_vitesse;;
23;87713040;87784009;grande_vitesse;;
24;87713040;87686006;grande_vitesse;;
25;87713040;87187930;grande_vitesse;;
26;87713040;87300822;grande_vitesse;;
27;87713040;87300863;grande_vitesse;;
28;87713040;87755009;grande_vitesse;;
29;87713040;87763029;grande_vitesse;;
30;87713040;87757674;grande_vitesse;;
31;87713040;87713545;grande_vitesse;;
32;87713040;87725002;grande_vitesse;;
33;87713040;87781104;grande_vitesse;;
34;87713040;87755447;grande_vitesse;;
35;87713040;87757526;grande_vitesse;;
36;87713040;87773200;grande_vitesse;;
37;87713040;87191007;grande_vitesse;;
39;87718007;87713412;grande_vitesse;;
40;87718007;87713131;grande_vitesse;;
41;87718007;87686006;grande_vitesse;;
42;87718007;87300863;grande_vitesse;;
45;87713412;87715136;grande_vitesse;;
46;87713412;87713131;grande_vitesse;;
47;87713412;87718833;grande_vitesse;;
48;87713412;87686006;grande_vitesse;;
49;87673202;87672006;grande_vitesse;;
50;87673202;87677005;grande_vitesse;;
51;87673202;87673400;grande_vitesse;;
52;87673202;87581009;grande_vitesse;;
53;87673202;87393702;grande_vitesse;;
54;87673202;87672253;grande_vitesse;;
55;87673202;87671339;grande_vitesse;;
56;87673202;87391003;grande_vitesse;;
57;87673202;87673004;grande_vitesse;;
58;87673202;87677120;grande_vitesse;;
59;87673202;87671008;grande_vitesse;;
60;87484006;87487603;grande_vitesse;;
61;87484006;87212027;grande_vitesse;;
62;87484006;87396002;grande_vitesse;;
63;87484006;87318964;grande_vitesse;;
64;87484006;87741009;grande_vitesse;;
65;87484006;87393702;grande_vitesse;;
66;87484006;87171926;grande_vitesse;;
67;87484006;87142109;grande_vitesse;;
68;87484006;87481192;grande_vitesse;;
69;87484006;87481747;grande_vitesse;;
70;87484006;87481762;grande_vitesse;;
71;87484006;87481788;grande_vitesse;;
72;87484006;87741777;grande_vitesse;;
73;87484006;87481754;grande_vitesse;;
74;87484006;87223263;grande_vitesse;;
75;87484006;87723197;grande_vitesse;;
76;87484006;87722025;grande_vitesse;;
77;87484006;87486449;grande_vitesse;;
78;87484006;87111849;grande_vitesse;;
79;87484006;87271494;grande_vitesse;;
80;87484006;87751008;grande_vitesse;;
81;87484006;87481002;grande_vitesse;;
82;87484006;87391003;grande_vitesse;;
83;87484006;87741769;grande_vitesse;;
84;87484006;87741793;grande_vitesse;;
85;87484006;87741728;grande_vitesse;;
86;87484006;87396408;grande_vitesse;;
87;87484006;87481705;grande_vitesse;;
88;87484006;87688887;grande_vitesse;;
89;87484006;87313882;grande_vitesse;;
90;87484006;87763029;grande_vitesse;;
91;87484006;87218156;grande_vitesse;;
92;87484006;87741645;grande_vitesse;;
93;87484006;87486019;grande_vitesse;;
94;87484006;87571240;grande_vitesse;;
95;87484006;87703975;grande_vitesse;;
97;87487603;87318964;grande_vitesse;;
98;87487603;87393702;grande_vitesse;;
99;87487603;87723197;grande_vitesse;;
100;87487603;87722025;grande_vitesse;;
101;87487603;87751008;grande_vitesse;;
102;87487603;87481002;grande_vitesse;;
103;87487603;87688887;grande_vitesse;;
104;87487603;87763029;grande_vitesse;;
105;87487603;87571240;grande_vitesse;;
106;87487603;87703975;grande_vitesse;;
107;87478404;87212027;grande_vitesse;;
108;87478404;87396002;grande_vitesse;;
109;87478404;87474007;grande_vitesse;;
110;87478404;87393702;grande_vitesse;;
111;87478404;87478073;grande_vitesse;;
112;87478404;87171926;grande_vitesse;;
113;87478404;87142109;grande_vitesse;;
114;87478404;87476317;grande_vitesse;;
115;87478404;87775007;grande_vitesse;;
116;87478404;87473207;grande_vitesse;;
117;87478404;87473108;grande_vitesse;;
118;87478404;87223263;grande_vitesse;;
119;87478404;87723197;grande_vitesse;;
120;87478404;87476002;grande_vitesse;;
121;87478404;87111849;grande_vitesse;;
122;87478404;87271494;grande_vitesse;;
123;87478404;87773002;grande_vitesse;;
124;87478404;87474338;grande_vitesse;;
125;87478404;87391003;grande_vitesse;;
126;87478404;87471003;grande_vitesse;;
127;87478404;87474155;grande_vitesse;;
128;87478404;87473009;grande_vitesse;;
129;87478404;87313882;grande_vitesse;;
130;87478404;87474098;grande_vitesse;;
131;87478404;87763029;grande_vitesse;;
132;87478404;87476606;grande_vitesse;;
133;87478404;87218156;grande_vitesse;;
134;87478404;87471300;grande_vitesse;;
135;87478404;87478107;grande_vitesse;;
136;87478404;87476200;grande_vitesse;;
137;87478404;87471508;grande_vitesse;;
139;87192039;87212027;grande_vitesse;;
140;87192039;87182014;grande_vitesse;;
141;87192039;87182063;grande_vitesse;;
142;87192039;87319012;grande_vitesse;;
143;87192039;87318964;grande_vitesse;;
144;87192039;87191973;grande_vitesse;;
145;87192039;87171926;grande_vitesse;;
146;87192039;87147322;grande_vitesse;;
147;87192039;87775007;grande_vitesse;;
148;87192039;87725689;grande_vitesse;;
149;87192039;87723197;grande_vitesse;;
150;87192039;87773002;grande_vitesse;;
151;87192039;87751008;grande_vitesse;;
152;87192039;87113001;grande_vitesse;;
153;87192039;87215012;grande_vitesse;;
154;87192039;87212225;grande_vitesse;;
155;87192039;87300822;grande_vitesse;;
156;87192039;87300863;grande_vitesse;;
157;87192039;87763029;grande_vitesse;;
158;87192039;87725002;grande_vitesse;;
159;87192039;87191007;grande_vitesse;;
160;87281006;87286302;grande_vitesse;;
161;87281006;87223263;grande_vitesse;;
162;87281006;87271007;grande_vitesse;;
163;87281006;87313874;grande_vitesse;;
164;87281006;87342014;grande_vitesse;;
165;87281006;87342006;grande_vitesse;;
166;87281006;87345025;grande_vitesse;;
167;87286005;87484006;grande_vitesse;;
168;87286005;87286542;grande_vitesse;;
169;87286005;87286732;grande_vitesse;;
170;87286005;87319012;grande_vitesse;;
171;87286005;87583005;grande_vitesse;;
172;87286005;87318964;grande_vitesse;;
173;87286005;87581009;grande_vitesse;;
174;87286005;87286716;grande_vitesse;;
175;87286005;87741009;grande_vitesse;;
176;87286005;87393702;grande_vitesse;;
177;87286005;87741777;grande_vitesse;;
178;87286005;87762906;grande_vitesse;;
179;87286005;87723197;grande_vitesse;;
180;87286005;87722025;grande_vitesse;;
181;87286005;87111849;grande_vitesse;;
182;87286005;87271494;grande_vitesse;;
183;87286005;87751008;grande_vitesse;;
184;87286005;87481002;grande_vitesse;;
185;87286005;87575001;grande_vitesse;;
186;87286005;87271007;grande_vitesse;;
187;87286005;87741769;grande_vitesse;;
188;87286005;87741793;grande_vitesse;;
189;87286005;87741728;grande_vitesse;;
190;87286005;87342014;grande_vitesse;;
191;87286005;87313882;grande_vitesse;;
192;87286005;87763029;grande_vitesse;;
193;87286005;87741645;grande_vitesse;;
194;87286005;87345009;grande_vitesse;;
195;87286005;87571240;grande_vitesse;;
197;87286542;87286732;grande_vitesse;;
198;87286542;87583005;grande_vitesse;;
199;87286542;87581009;grande_vitesse;;
200;87286542;87286716;grande_vitesse;;
201;87286542;87393702;grande_vitesse;;
202;87286542;87723197;grande_vitesse;;
203;87286542;87111849;grande_vitesse;;
204;87286542;87271494;grande_vitesse;;
205;87286542;87575001;grande_vitesse;;
206;87286542;87271007;grande_vitesse;;
207;87286542;87342014;grande_vitesse;;
208;87286542;87688887;grande_vitesse;;
209;87286542;87313882;grande_vitesse;;
210;87286542;87763029;grande_vitesse;;
211;87286542;87571240;grande_vitesse;;
212;87286542;87703975;grande_vitesse;;
215;87286732;87286716;grande_vitesse;;
216;87286732;87271007;grande_vitesse;;
217;87286732;87342014;grande_vitesse;;
218;87317263;87223263;grande_vitesse;;
219;87317263;87271007;grande_vitesse;;
220;87317263;87342014;grande_vitesse;;
221;87317263;87281071;grande_vitesse;;
222;87317586;87317057;grande_vitesse;;
223;87317586;87317065;grande_vitesse;;
224;87317586;87223263;grande_vitesse;;
225;87317586;87271007;grande_vitesse;;
226;87317586;87342014;grande_vitesse;;
227;87317586;87281071;grande_vitesse;;
228;87317586;87345009;grande_vitesse;;
230;87672006;87581009;grande_vitesse;;
231;87672006;87672253;grande_vitesse;;
232;87672006;87671339;grande_vitesse;;
233;87672006;87391003;grande_vitesse;;
234;87672006;87671008;grande_vitesse;;
236;87677005;87673400;grande_vitesse;;
237;87677005;87581009;grande_vitesse;;
238;87677005;87393702;grande_vitesse;;
239;87677005;87391003;grande_vitesse;;
240;87677005;87673004;grande_vitesse;;
241;87677005;87677120;grande_vitesse;;
246;87212027;87182014;grande_vitesse;;
247;87212027;87182063;grande_vitesse;;
248;87212027;87396002;grande_vitesse;;
249;87212027;87319012;grande_vitesse;;
250;87212027;87583005;grande_vitesse;;
251;87212027;87318964;grande_vitesse;;
252;87212027;87581009;grande_vitesse;;
253;87212027;87191973;grande_vitesse;;
254;87212027;87212910;grande_vitesse;;
255;87212027;87781005;grande_vitesse;;
256;87212027;87393702;grande_vitesse;;
257;87212027;87171926;grande_vitesse;;
258;87212027;87147322;grande_vitesse;;
259;87212027;87142109;grande_vitesse;;
260;87212027;87141002;grande_vitesse;;
261;87212027;87775007;grande_vitesse;;
262;87212027;87725689;grande_vitesse;;
263;87212027;87757625;grande_vitesse;;
264;87212027;87223263;grande_vitesse;;
265;87212027;87141150;grande_vitesse;;
266;87212027;87723197;grande_vitesse;;
267;87212027;87722025;grande_vitesse;;
268;87212027;87485003;grande_vitesse;;
269;87212027;87476002;grande_vitesse;;
270;87212027;87111849;grande_vitesse;;
271;87212027;87271494;grande_vitesse;;
272;87212027;87773002;grande_vitesse;;
273;87212027;87751008;grande_vitesse;;
274;87212027;87756056;grande_vitesse;;
275;87212027;87485300;grande_vitesse;;
276;87212027;87481002;grande_vitesse;;
277;87212027;87784009;grande_vitesse;;
278;87212027;87575001;grande_vitesse;;
279;87212027;87686006;grande_vitesse;;
280;87212027;87113001;grande_vitesse;;
281;87212027;87471003;grande_vitesse;;
282;87212027;87215012;grande_vitesse;;
283;87212027;87212225;grande_vitesse;;
284;87212027;87313882;grande_vitesse;;
285;87212027;87300822;grande_vitesse;;
286;87212027;87300863;grande_vitesse;;
287;87212027;87755009;grande_vitesse;;
288;87212027;87474098;grande_vitesse;;
289;87212027;87763029;grande_vitesse;;
290;87212027;87476606;grande_vitesse;;
291;87212027;87218156;grande_vitesse;;
292;87212027;87757674;grande_vitesse;;
293;87212027;87713545;grande_vitesse;;
294;87212027;87725002;grande_vitesse;;
295;87212027;87781104;grande_vitesse;;
296;87212027;87755447;grande_vitesse;;
297;87212027;87571240;grande_vitesse;;
298;87212027;87757526;grande_vitesse;;
299;87212027;87214056;grande_vitesse;;
300;87212027;87773200;grande_vitesse;;
301;87212027;87191007;grande_vitesse;;
302;87212027;87476200;grande_vitesse;;
306;87182014;87182063;grande_vitesse;;
307;87182014;87319012;grande_vitesse;;
308;87182014;87318964;grande_vitesse;;
309;87182014;87191973;grande_vitesse;;
310;87182014;87781005;grande_vitesse;;
311;87182014;87147322;grande_vitesse;;
312;87182014;87142109;grande_vitesse;;
313;87182014;87141002;grande_vitesse;;
314;87182014;87775007;grande_vitesse;;
315;87182014;87725689;grande_vitesse;;
316;87182014;87757625;grande_vitesse;;
317;87182014;87723197;grande_vitesse;;
318;87182014;87722025;grande_vitesse;;
319;87182014;87773002;grande_vitesse;;
320;87182014;87751008;grande_vitesse;;
321;87182014;87756056;grande_vitesse;;
322;87182014;87784009;grande_vitesse;;
323;87182014;87113001;grande_vitesse;;
324;87182014;87300822;grande_vitesse;;
325;87182014;87300863;grande_vitesse;;
326;87182014;87755009;grande_vitesse;;
327;87182014;87757674;grande_vitesse;;
328;87182014;87713545;grande_vitesse;;
329;87182014;87725002;grande_vitesse;;
330;87182014;87781104;grande_vitesse;;
331;87182014;87755447;grande_vitesse;;
332;87182014;87757526;grande_vitesse;;
333;87182014;87214056;grande_vitesse;;
334;87182014;87773200;grande_vitesse;;
335;87182014;87191007;grande_vitesse;;
340;87182063;87319012;grande_vitesse;;
341;87182063;87318964;grande_vitesse;;
342;87182063;87191973;grande_vitesse;;
343;87182063;87212910;grande_vitesse;;
344;87182063;87781005;grande_vitesse;;
345;87182063;87141002;grande_vitesse;;
346;87182063;87775007;grande_vitesse;;
347;87182063;87713131;grande_vitesse;;
348;87182063;87725689;grande_vitesse;;
349;87182063;87757625;grande_vitesse;;
350;87182063;87723197;grande_vitesse;;
351;87182063;87722025;grande_vitesse;;
352;87182063;87773002;grande_vitesse;;
353;87182063;87751008;grande_vitesse;;
354;87182063;87756056;grande_vitesse;;
355;87182063;87784009;grande_vitesse;;
356;87182063;87686006;grande_vitesse;;
357;87182063;87187930;grande_vitesse;;
358;87182063;87300822;grande_vitesse;;
359;87182063;87300863;grande_vitesse;;
360;87182063;87755009;grande_vitesse;;
361;87182063;87763029;grande_vitesse;;
362;87182063;87757674;grande_vitesse;;
363;87182063;87713545;grande_vitesse;;
364;87182063;87725002;grande_vitesse;;
365;87182063;87781104;grande_vitesse;;
366;87182063;87755447;grande_vitesse;;
367;87182063;87757526;grande_vitesse;;
368;87182063;87773200;grande_vitesse;;
369;87182063;87191007;grande_vitesse;;
370;87765008;87753657;grande_vitesse;;
371;87765008;87762906;grande_vitesse;;
372;87765008;87753004;sans_lgv;;dessertes TER par la ligne classique : itinéraire sans LGV (même choix qu'Arles - Montélimar, 2026-09-29)
373;87765008;87686006;grande_vitesse;;
374;87765008;87761007;grande_vitesse;;
375;87765008;87764001;grande_vitesse;;
376;87765008;87765107;grande_vitesse;;
380;87396002;87319012;grande_vitesse;;
381;87396002;87318964;grande_vitesse;;
382;87396002;87474007;grande_vitesse;;
383;87396002;87741009;grande_vitesse;;
384;87396002;87393702;grande_vitesse;;
385;87396002;87478073;grande_vitesse;;
386;87396002;87171926;grande_vitesse;;
387;87396002;87147322;grande_vitesse;;
388;87396002;87142109;grande_vitesse;;
389;87396002;87476317;grande_vitesse;;
390;87396002;87481192;grande_vitesse;;
391;87396002;87481747;grande_vitesse;;
392;87396002;87481762;grande_vitesse;;
393;87396002;87481788;grande_vitesse;;
394;87396002;87775007;grande_vitesse;;
395;87396002;87473207;grande_vitesse;;
396;87396002;87741777;grande_vitesse;;
397;87396002;87481754;grande_vitesse;;
398;87396002;87473108;grande_vitesse;;
399;87396002;87223263;grande_vitesse;;
400;87396002;87723197;grande_vitesse;;
401;87396002;87722025;grande_vitesse;;
402;87396002;87476002;grande_vitesse;;
403;87396002;87486449;grande_vitesse;;
404;87396002;87111849;grande_vitesse;;
405;87396002;87271494;grande_vitesse;;
406;87396002;87773002;grande_vitesse;;
407;87396002;87751008;grande_vitesse;;
408;87396002;87474338;grande_vitesse;;
409;87396002;87481002;grande_vitesse;;
410;87396002;87391003;grande_vitesse;;
411;87396002;87741769;grande_vitesse;;
412;87396002;87741793;grande_vitesse;;
413;87396002;87741728;grande_vitesse;;
414;87396002;87471003;grande_vitesse;;
415;87396002;87474155;grande_vitesse;;
416;87396002;87396408;grande_vitesse;;
417;87396002;87473009;grande_vitesse;;
418;87396002;87481705;grande_vitesse;;
419;87396002;87313882;grande_vitesse;;
420;87396002;87474098;grande_vitesse;;
421;87396002;87763029;grande_vitesse;;
422;87396002;87476606;grande_vitesse;;
423;87396002;87218156;grande_vitesse;;
424;87396002;87741645;grande_vitesse;;
425;87396002;87486019;grande_vitesse;;
426;87396002;87478107;grande_vitesse;;
427;87396002;87476200;grande_vitesse;;
428;87396002;87471508;grande_vitesse;;
429;87413013;87318964;grande_vitesse;;
430;87413013;87393009;grande_vitesse;;
431;87413013;87723197;grande_vitesse;;
432;87413013;87393579;grande_vitesse;;
433;87413013;87751008;grande_vitesse;;
434;87413013;87381509;grande_vitesse;;
435;87413013;87411017;grande_vitesse;;
436;87413013;87763029;grande_vitesse;;
437;87571000;87571216;grande_vitesse;;
438;87571000;87575001;grande_vitesse;;
439;87571000;87391003;grande_vitesse;;
440;87571000;87324095;grande_vitesse;;
441;87571000;87575142;grande_vitesse;;
442;87571000;87571240;grande_vitesse;;
443;87586008;87583005;grande_vitesse;;
444;87586008;87581009;grande_vitesse;;
445;87586008;87393702;grande_vitesse;;
446;87586008;87571216;grande_vitesse;;
447;87586008;87391003;grande_vitesse;;
448;87586008;87611244;grande_vitesse;;
449;87586008;87611004;grande_vitesse;;
450;87742007;87742007;grande_vitesse;;
451;87742007;87741009;grande_vitesse;;
452;87742007;87741306;grande_vitesse;;
453;87742007;87742320;grande_vitesse;;
454;87742007;87725705;grande_vitesse;;
455;87742007;87686006;grande_vitesse;;
456;87742007;87742361;grande_vitesse;;
458;87319012;87478404;grande_vitesse;;
461;87319012;87286542;grande_vitesse;;
466;87319012;87318964;grande_vitesse;;
467;87319012;87191973;grande_vitesse;;
468;87319012;87212910;grande_vitesse;;
469;87319012;87393702;grande_vitesse;;
470;87319012;87141002;grande_vitesse;;
471;87319012;87725689;grande_vitesse;;
472;87319012;87757625;grande_vitesse;;
473;87319012;87762906;grande_vitesse;;
474;87319012;87223263;grande_vitesse;;
475;87319012;87723197;grande_vitesse;;
476;87319012;87111849;grande_vitesse;;
477;87319012;87271494;grande_vitesse;;
478;87319012;87751008;grande_vitesse;;
479;87319012;87756056;grande_vitesse;;
480;87319012;87686006;grande_vitesse;;
481;87319012;87342014;grande_vitesse;;
482;87319012;87471003;grande_vitesse;;
483;87319012;87313882;grande_vitesse;;
484;87319012;87300822;grande_vitesse;;
485;87319012;87300863;grande_vitesse;;
486;87319012;87755009;grande_vitesse;;
487;87319012;87763029;grande_vitesse;;
488;87319012;87218156;grande_vitesse;;
489;87319012;87757674;grande_vitesse;;
490;87319012;87745000;grande_vitesse;;
491;87319012;87713545;grande_vitesse;;
492;87319012;87725002;grande_vitesse;;
493;87319012;87345009;grande_vitesse;;
494;87319012;87755447;grande_vitesse;;
495;87319012;87757526;grande_vitesse;;
496;87319012;87191007;grande_vitesse;;
497;87583005;87673202;grande_vitesse;;
500;87583005;87677005;grande_vitesse;;
502;87583005;87673400;grande_vitesse;;
503;87583005;87581009;grande_vitesse;;
504;87583005;87212910;grande_vitesse;;
505;87583005;87393702;grande_vitesse;;
506;87583005;87171926;grande_vitesse;;
507;87583005;87147322;grande_vitesse;;
508;87583005;87142109;grande_vitesse;;
509;87583005;87223263;grande_vitesse;;
510;87583005;87111849;grande_vitesse;;
511;87583005;87271494;grande_vitesse;;
512;87583005;87575001;grande_vitesse;;
513;87583005;87391003;grande_vitesse;;
514;87583005;87324095;grande_vitesse;;
515;87583005;87313882;grande_vitesse;;
516;87583005;87673004;grande_vitesse;;
517;87583005;87575142;grande_vitesse;;
518;87583005;87677120;grande_vitesse;;
519;87583005;87584052;grande_vitesse;;
520;87583005;87571240;grande_vitesse;;
522;87318964;87478404;grande_vitesse;;
525;87318964;87286542;grande_vitesse;;
532;87318964;87191973;grande_vitesse;;
533;87318964;87212910;grande_vitesse;;
534;87318964;87393009;grande_vitesse;;
535;87318964;87393702;grande_vitesse;;
536;87318964;87141002;grande_vitesse;;
537;87318964;87725689;grande_vitesse;;
538;87318964;87757625;grande_vitesse;;
539;87318964;87762906;grande_vitesse;;
540;87318964;87223263;grande_vitesse;;
541;87318964;87723197;grande_vitesse;;
542;87318964;87111849;grande_vitesse;;
543;87318964;87271494;grande_vitesse;;
544;87318964;87393579;grande_vitesse;;
545;87318964;87751008;grande_vitesse;;
546;87318964;87381509;grande_vitesse;;
547;87318964;87756056;grande_vitesse;;
548;87318964;87686006;grande_vitesse;;
549;87318964;87342014;grande_vitesse;;
550;87318964;87471003;grande_vitesse;;
551;87318964;87313882;grande_vitesse;;
552;87318964;87300822;grande_vitesse;;
553;87318964;87300863;grande_vitesse;;
554;87318964;87755009;grande_vitesse;;
555;87318964;87411017;grande_vitesse;;
556;87318964;87763029;grande_vitesse;;
557;87318964;87218156;grande_vitesse;;
558;87318964;87757674;grande_vitesse;;
559;87318964;87745000;grande_vitesse;;
560;87318964;87713545;grande_vitesse;;
561;87318964;87725002;grande_vitesse;;
562;87318964;87345009;grande_vitesse;;
563;87318964;87755629;grande_vitesse;;
564;87318964;87755447;grande_vitesse;;
565;87318964;87757526;grande_vitesse;;
566;87318964;87191007;grande_vitesse;;
567;87172270;87113001;grande_vitesse;;
568;87172270;87171009;grande_vitesse;;
569;87172270;87172007;grande_vitesse;;
570;87172270;87172254;grande_vitesse;;
572;87474007;87473207;grande_vitesse;;
573;87474007;87473108;grande_vitesse;;
574;87474007;87474338;grande_vitesse;;
575;87474007;87473181;grande_vitesse;;
576;87474007;87391003;grande_vitesse;;
577;87474007;87471003;grande_vitesse;;
578;87474007;87473009;grande_vitesse;;
579;87474007;87474239;grande_vitesse;;
580;87174276;87171926;grande_vitesse;;
581;87174276;87113001;grande_vitesse;;
582;87174276;87175042;grande_vitesse;;
583;87174276;87174003;grande_vitesse;;
586;87673400;87581009;grande_vitesse;;
587;87673400;87393702;grande_vitesse;;
588;87673400;87391003;grande_vitesse;;
589;87673400;87673004;grande_vitesse;;
590;87673400;87677120;grande_vitesse;;
600;87581009;87212910;grande_vitesse;;
601;87581009;87393702;grande_vitesse;;
602;87581009;87171926;grande_vitesse;;
603;87581009;87147322;grande_vitesse;;
604;87581009;87142109;grande_vitesse;;
605;87581009;87571216;grande_vitesse;;
606;87581009;87582478;grande_vitesse;;
607;87581009;87582643;grande_vitesse;;
608;87581009;87672253;grande_vitesse;;
609;87581009;87671339;grande_vitesse;;
610;87581009;87223263;grande_vitesse;;
611;87581009;87111849;grande_vitesse;;
612;87581009;87271494;grande_vitesse;;
613;87581009;87575001;grande_vitesse;;
614;87581009;87391003;grande_vitesse;;
615;87581009;87324095;grande_vitesse;;
616;87581009;87313882;grande_vitesse;;
617;87581009;87582668;grande_vitesse;;
618;87581009;87673004;grande_vitesse;;
619;87581009;87575142;grande_vitesse;;
620;87581009;87677120;grande_vitesse;;
621;87581009;87584052;grande_vitesse;;
622;87581009;87611244;grande_vitesse;;
623;87581009;87571240;grande_vitesse;;
624;87581009;87671008;grande_vitesse;;
625;87581009;87611004;grande_vitesse;;
626;87193003;87113001;grande_vitesse;;
628;87212910;87113001;grande_vitesse;;
633;87781005;87615286;grande_vitesse;;
634;87781005;87775007;grande_vitesse;;
635;87781005;87762906;grande_vitesse;;
636;87781005;87223263;grande_vitesse;;
637;87781005;87723197;grande_vitesse;;
638;87781005;87111849;grande_vitesse;;
639;87781005;87271494;grande_vitesse;;
640;87781005;87773002;grande_vitesse;;
641;87781005;87784009;grande_vitesse;;
642;87781005;87686006;grande_vitesse;;
643;87781005;87342014;grande_vitesse;;
644;87781005;87688887;grande_vitesse;;
645;87781005;87313882;grande_vitesse;;
646;87781005;87300822;grande_vitesse;;
647;87781005;87300863;grande_vitesse;;
648;87781005;87763029;grande_vitesse;;
649;87781005;87218156;grande_vitesse;;
650;87781005;87781278;grande_vitesse;;
651;87781005;87725002;grande_vitesse;;
652;87781005;87781104;grande_vitesse;;
653;87781005;87773200;grande_vitesse;;
654;87781005;87611004;grande_vitesse;;
655;87781005;87703975;grande_vitesse;;
657;87615286;87775007;grande_vitesse;;
658;87615286;87723197;grande_vitesse;;
659;87615286;87773002;grande_vitesse;;
660;87615286;87688887;grande_vitesse;;
661;87615286;87763029;grande_vitesse;;
662;87615286;87781104;grande_vitesse;;
663;87615286;87773200;grande_vitesse;;
664;87615286;87611004;grande_vitesse;;
665;87615286;87703975;grande_vitesse;;
669;87286716;87271007;grande_vitesse;;
670;87286716;87342014;grande_vitesse;;
675;87741009;87393702;grande_vitesse;;
676;87741009;87741306;grande_vitesse;;
677;87741009;87741777;grande_vitesse;;
678;87741009;87742320;grande_vitesse;;
679;87741009;87725705;grande_vitesse;;
680;87741009;87111849;grande_vitesse;;
681;87741009;87271494;grande_vitesse;;
682;87741009;87746008;grande_vitesse;;
683;87741009;87481002;grande_vitesse;;
684;87741009;87686006;grande_vitesse;;
685;87741009;87741769;grande_vitesse;;
686;87741009;87741793;grande_vitesse;;
687;87741009;87741728;grande_vitesse;;
688;87741009;87342014;grande_vitesse;;
689;87741009;87471003;grande_vitesse;;
690;87741009;87313882;grande_vitesse;;
691;87741009;87741132;grande_vitesse;;
692;87741009;87741645;grande_vitesse;;
693;87741009;87345009;grande_vitesse;;
694;87741009;87742361;grande_vitesse;;
696;87317057;87317065;grande_vitesse;;
697;87317057;87223263;grande_vitesse;;
698;87317057;87271007;grande_vitesse;;
699;87317057;87342014;grande_vitesse;;
700;87317057;87281071;grande_vitesse;;
703;87393009;87723197;grande_vitesse;;
704;87393009;87393579;grande_vitesse;;
705;87393009;87751008;grande_vitesse;;
706;87393009;87381509;grande_vitesse;;
707;87393009;87411017;grande_vitesse;;
708;87393009;87763029;grande_vitesse;;
715;87393702;87672006;grande_vitesse;;
723;87393702;87474007;grande_vitesse;;
726;87393702;87212910;grande_vitesse;;
728;87393702;87171926;grande_vitesse;;
729;87393702;87147322;grande_vitesse;;
730;87393702;87142109;grande_vitesse;;
731;87393702;87476317;grande_vitesse;;
732;87393702;87481747;grande_vitesse;;
733;87393702;87481762;grande_vitesse;;
734;87393702;87481788;grande_vitesse;;
735;87393702;87775007;grande_vitesse;;
736;87393702;87672253;grande_vitesse;;
737;87393702;87473207;grande_vitesse;;
738;87393702;87741777;grande_vitesse;;
739;87393702;87481754;grande_vitesse;;
740;87393702;87473108;grande_vitesse;;
741;87393702;87671339;grande_vitesse;;
742;87393702;87223263;grande_vitesse;;
743;87393702;87723197;grande_vitesse;;
744;87393702;87722025;grande_vitesse;;
745;87393702;87485003;grande_vitesse;;
746;87393702;87476002;grande_vitesse;;
747;87393702;87111849;grande_vitesse;;
748;87393702;87271494;grande_vitesse;;
749;87393702;87773002;grande_vitesse;;
750;87393702;87751008;grande_vitesse;;
751;87393702;87474338;grande_vitesse;;
752;87393702;87485300;grande_vitesse;;
753;87393702;87481002;grande_vitesse;;
754;87393702;87575001;grande_vitesse;;
755;87393702;87391003;grande_vitesse;;
756;87393702;87741769;grande_vitesse;;
757;87393702;87741793;grande_vitesse;;
758;87393702;87741728;grande_vitesse;;
759;87393702;87471003;grande_vitesse;;
760;87393702;87474155;grande_vitesse;;
761;87393702;87473009;grande_vitesse;;
762;87393702;87481705;grande_vitesse;;
763;87393702;87688887;grande_vitesse;;
764;87393702;87313882;grande_vitesse;;
765;87393702;87474098;grande_vitesse;;
766;87393702;87763029;grande_vitesse;;
767;87393702;87476606;grande_vitesse;;
768;87393702;87218156;grande_vitesse;;
769;87393702;87741645;grande_vitesse;;
770;87393702;87673004;grande_vitesse;;
771;87393702;87677120;grande_vitesse;;
772;87393702;87611244;grande_vitesse;;
773;87393702;87571240;grande_vitesse;;
774;87393702;87671008;grande_vitesse;;
775;87393702;87476200;grande_vitesse;;
776;87393702;87611004;grande_vitesse;;
777;87393702;87703975;grande_vitesse;;
780;87478073;87391003;grande_vitesse;;
781;87478073;87471003;grande_vitesse;;
782;87478073;87478107;grande_vitesse;;
791;87171926;87191973;grande_vitesse;;
792;87171926;87212910;grande_vitesse;;
794;87171926;87147322;grande_vitesse;;
795;87171926;87142109;grande_vitesse;;
796;87171926;87141002;grande_vitesse;;
797;87171926;87144006;grande_vitesse;;
798;87171926;87223263;grande_vitesse;;
799;87171926;87141150;grande_vitesse;;
800;87171926;87485003;grande_vitesse;;
801;87171926;87476002;grande_vitesse;;
802;87171926;87111849;grande_vitesse;;
803;87171926;87271494;grande_vitesse;;
804;87171926;87485300;grande_vitesse;;
805;87171926;87481002;grande_vitesse;;
806;87171926;87575001;grande_vitesse;;
807;87171926;87113001;grande_vitesse;;
808;87171926;87471003;grande_vitesse;;
809;87171926;87144451;grande_vitesse;;
810;87171926;87215012;grande_vitesse;;
811;87171926;87212225;grande_vitesse;;
812;87171926;87313882;grande_vitesse;;
813;87171926;87474098;grande_vitesse;;
814;87171926;87476606;grande_vitesse;;
815;87171926;87218156;grande_vitesse;;
816;87171926;87175042;grande_vitesse;;
817;87171926;87174003;grande_vitesse;;
818;87171926;87571240;grande_vitesse;;
819;87171926;87144014;grande_vitesse;;
820;87171926;87191007;grande_vitesse;;
821;87171926;87476200;grande_vitesse;;
822;87147322;87484006;grande_vitesse;;
827;87147322;87212910;grande_vitesse;;
830;87147322;87142109;grande_vitesse;;
831;87147322;87141002;grande_vitesse;;
832;87147322;87144006;grande_vitesse;;
833;87147322;87223263;grande_vitesse;;
834;87147322;87141150;grande_vitesse;;
835;87147322;87476002;grande_vitesse;;
836;87147322;87111849;grande_vitesse;;
837;87147322;87271494;grande_vitesse;;
838;87147322;87481002;grande_vitesse;;
839;87147322;87575001;grande_vitesse;;
840;87147322;87113001;grande_vitesse;;
841;87147322;87471003;grande_vitesse;;
842;87147322;87144451;grande_vitesse;;
843;87147322;87215012;grande_vitesse;;
844;87147322;87212225;grande_vitesse;;
845;87147322;87313882;grande_vitesse;;
846;87147322;87474098;grande_vitesse;;
847;87147322;87476606;grande_vitesse;;
848;87147322;87218156;grande_vitesse;;
849;87147322;87571240;grande_vitesse;;
850;87147322;87144014;grande_vitesse;;
851;87147322;87476200;grande_vitesse;;
858;87142109;87212910;grande_vitesse;;
862;87142109;87223263;grande_vitesse;;
863;87142109;87485003;grande_vitesse;;
864;87142109;87476002;grande_vitesse;;
865;87142109;87111849;grande_vitesse;;
866;87142109;87271494;grande_vitesse;;
867;87142109;87485300;grande_vitesse;;
868;87142109;87481002;grande_vitesse;;
869;87142109;87575001;grande_vitesse;;
870;87142109;87113001;grande_vitesse;;
871;87142109;87471003;grande_vitesse;;
872;87142109;87313882;grande_vitesse;;
873;87142109;87474098;grande_vitesse;;
874;87142109;87476606;grande_vitesse;;
875;87142109;87218156;grande_vitesse;;
876;87142109;87571240;grande_vitesse;;
877;87142109;87476200;grande_vitesse;;
879;87476317;87476002;grande_vitesse;;
880;87476317;87391003;grande_vitesse;;
881;87476317;87471003;grande_vitesse;;
882;87476317;87474155;grande_vitesse;;
883;87476317;87474098;grande_vitesse;;
884;87476317;87476606;grande_vitesse;;
885;87476317;87471300;grande_vitesse;;
886;87476317;87476200;grande_vitesse;;
888;87481192;87481747;grande_vitesse;;
889;87481192;87481762;grande_vitesse;;
890;87481192;87481788;grande_vitesse;;
891;87481192;87481754;grande_vitesse;;
892;87481192;87481002;grande_vitesse;;
893;87481192;87391003;grande_vitesse;;
894;87481192;87481705;grande_vitesse;;
897;87481747;87481762;grande_vitesse;;
898;87481747;87481788;grande_vitesse;;
899;87481747;87481754;grande_vitesse;;
900;87481747;87481002;grande_vitesse;;
901;87481747;87391003;grande_vitesse;;
902;87481747;87481705;grande_vitesse;;
906;87481762;87481788;grande_vitesse;;
907;87481762;87481754;grande_vitesse;;
908;87481762;87481002;grande_vitesse;;
909;87481762;87391003;grande_vitesse;;
910;87481762;87481705;grande_vitesse;;
916;87481788;87481754;grande_vitesse;;
917;87481788;87481002;grande_vitesse;;
918;87481788;87391003;grande_vitesse;;
919;87481788;87396408;grande_vitesse;;
920;87481788;87481705;grande_vitesse;;
921;87485227;87485490;grande_vitesse;;
922;87485227;87485003;grande_vitesse;;
923;87485227;87485300;grande_vitesse;;
924;87485227;87575001;grande_vitesse;;
925;87485227;87391003;grande_vitesse;;
926;87485227;87571240;grande_vitesse;;
928;87485490;87485003;grande_vitesse;;
929;87485490;87485300;grande_vitesse;;
930;87485490;87575001;grande_vitesse;;
931;87485490;87391003;grande_vitesse;;
932;87485490;87571240;grande_vitesse;;
941;87141002;87144006;grande_vitesse;;
942;87141002;87757625;grande_vitesse;;
943;87141002;87141150;grande_vitesse;;
944;87141002;87723197;grande_vitesse;;
945;87141002;87751008;grande_vitesse;;
946;87141002;87756056;grande_vitesse;;
947;87141002;87113001;grande_vitesse;;
948;87141002;87144451;grande_vitesse;;
949;87141002;87215012;grande_vitesse;;
950;87141002;87212225;grande_vitesse;;
951;87141002;87300822;grande_vitesse;;
952;87141002;87300863;grande_vitesse;;
953;87141002;87755009;grande_vitesse;;
954;87141002;87757674;grande_vitesse;;
955;87141002;87713545;grande_vitesse;;
956;87141002;87755447;grande_vitesse;;
957;87141002;87757526;grande_vitesse;;
958;87141002;87144014;grande_vitesse;;
962;87144006;87113001;grande_vitesse;;
963;87144006;87144451;grande_vitesse;;
965;87571216;87583005;grande_vitesse;;
967;87571216;87485227;grande_vitesse;;
968;87571216;87485003;grande_vitesse;;
969;87571216;87485300;grande_vitesse;;
970;87571216;87575001;grande_vitesse;;
971;87571216;87391003;grande_vitesse;;
972;87571216;87324095;grande_vitesse;;
973;87571216;87575142;grande_vitesse;;
974;87571216;87571240;grande_vitesse;;
977;87317065;87223263;grande_vitesse;;
978;87317065;87271007;grande_vitesse;;
979;87317065;87342014;grande_vitesse;;
980;87317065;87281071;grande_vitesse;;
981;87582478;87583005;grande_vitesse;;
983;87582478;87393702;grande_vitesse;;
984;87582478;87582643;grande_vitesse;;
985;87582478;87391003;grande_vitesse;;
986;87582478;87582668;grande_vitesse;;
987;87582478;87571240;grande_vitesse;;
988;87582643;87583005;grande_vitesse;;
991;87582643;87391003;grande_vitesse;;
992;87582643;87582668;grande_vitesse;;
993;87582643;87571240;grande_vitesse;;
996;87775007;87286005;grande_vitesse;;
1000;87775007;87191973;grande_vitesse;;
1003;87775007;87725689;grande_vitesse;;
1004;87775007;87223263;grande_vitesse;;
1005;87775007;87723197;grande_vitesse;;
1006;87775007;87111849;grande_vitesse;;
1007;87775007;87271494;grande_vitesse;;
1008;87775007;87773002;grande_vitesse;;
1009;87775007;87784009;grande_vitesse;;
1010;87775007;87686006;grande_vitesse;;
1011;87775007;87342014;grande_vitesse;;
1012;87775007;87313882;grande_vitesse;;
1013;87775007;87300822;grande_vitesse;;
1014;87775007;87300863;grande_vitesse;;
1015;87775007;87763029;grande_vitesse;;
1016;87775007;87218156;grande_vitesse;;
1017;87775007;87781278;grande_vitesse;;
1018;87775007;87725002;grande_vitesse;;
1019;87775007;87781104;grande_vitesse;;
1020;87775007;87773200;grande_vitesse;;
1021;87775007;87191007;grande_vitesse;;
1022;87775007;87611004;grande_vitesse;;
1025;87715136;87718833;grande_vitesse;;
1026;87715136;87686006;grande_vitesse;;
1030;87672253;87671339;grande_vitesse;;
1031;87672253;87391003;grande_vitesse;;
1032;87672253;87671008;grande_vitesse;;
1035;87473207;87473223;grande_vitesse;;
1036;87473207;87473108;grande_vitesse;;
1037;87473207;87474338;grande_vitesse;;
1038;87473207;87473181;grande_vitesse;;
1039;87473207;87391003;grande_vitesse;;
1040;87473207;87471003;grande_vitesse;;
1041;87473207;87473009;grande_vitesse;;
1042;87473207;87474239;grande_vitesse;;
1043;87747006;87762906;grande_vitesse;;
1044;87747006;87686006;grande_vitesse;;
1045;87747006;87741769;grande_vitesse;;
1046;87747006;87741793;grande_vitesse;;
1047;87747006;87741728;grande_vitesse;;
1048;87747006;87741645;grande_vitesse;;
1053;87713131;87686006;grande_vitesse;;
1054;87713131;87300822;grande_vitesse;;
1055;87713131;87300863;grande_vitesse;;
1063;87725689;87141002;grande_vitesse;;
1065;87725689;87723197;grande_vitesse;;
1066;87725689;87722025;grande_vitesse;;
1067;87725689;87773002;grande_vitesse;;
1068;87725689;87751008;grande_vitesse;;
1069;87725689;87300822;grande_vitesse;;
1070;87725689;87300863;grande_vitesse;;
1071;87725689;87763029;grande_vitesse;;
1072;87725689;87713545;grande_vitesse;;
1073;87726000;87723197;grande_vitesse;;
1074;87726000;87686006;grande_vitesse;;
1077;87741306;87742320;grande_vitesse;;
1078;87741306;87686006;grande_vitesse;;
1079;87741306;87742361;grande_vitesse;;
1085;87741777;87725705;grande_vitesse;;
1086;87741777;87111849;grande_vitesse;;
1087;87741777;87271494;grande_vitesse;;
1088;87741777;87481002;grande_vitesse;;
1089;87741777;87686006;grande_vitesse;;
1090;87741777;87741769;grande_vitesse;;
1091;87741777;87741793;grande_vitesse;;
1092;87741777;87741728;grande_vitesse;;
1093;87741777;87342014;grande_vitesse;;
1094;87741777;87471003;grande_vitesse;;
1095;87741777;87313882;grande_vitesse;;
1096;87741777;87741645;grande_vitesse;;
1097;87741777;87345009;grande_vitesse;;
1101;87742320;87725705;grande_vitesse;;
1102;87742320;87686006;grande_vitesse;;
1103;87742320;87742361;grande_vitesse;;
1104;87743351;87686006;grande_vitesse;;
1105;87743351;87745000;grande_vitesse;;
1106;87743351;87743005;grande_vitesse;;
1107;87746370;87686006;grande_vitesse;;
1108;87746370;87745497;grande_vitesse;;
1109;87746370;87745000;grande_vitesse;;
1110;87746370;87746479;grande_vitesse;;
1111;87746370;87746438;grande_vitesse;;
1113;87753657;87762906;grande_vitesse;;
1114;87753657;87753004;grande_vitesse;;
1115;87753657;87686006;grande_vitesse;;
1116;87753657;87761007;grande_vitesse;;
1117;87753657;87764001;sans_lgv;;dessertes TER par la ligne classique : itinéraire sans LGV (choix d'Aloïs le 2026-09-29)
1118;87753657;87765107;grande_vitesse;;
1120;87286302;87271007;grande_vitesse;;
1121;87286302;87342014;grande_vitesse;;
1122;87286302;87342006;grande_vitesse;;
1123;87286302;87345025;grande_vitesse;;
1131;87757625;87725689;grande_vitesse;;
1132;87757625;87762906;grande_vitesse;;
1133;87757625;87723197;grande_vitesse;;
1134;87757625;87751008;grande_vitesse;;
1135;87757625;87756056;grande_vitesse;;
1136;87757625;87686006;grande_vitesse;;
1137;87757625;87300822;grande_vitesse;;
1138;87757625;87300863;grande_vitesse;;
1139;87757625;87755009;grande_vitesse;;
1140;87757625;87763029;grande_vitesse;;
1141;87757625;87757674;grande_vitesse;;
1142;87757625;87713545;grande_vitesse;;
1143;87757625;87755447;grande_vitesse;;
1144;87757625;87757526;grande_vitesse;;
1146;87762906;87286542;grande_vitesse;;
1151;87762906;87775007;grande_vitesse;;
1154;87762906;87753004;grande_vitesse;;
1155;87762906;87111849;grande_vitesse;;
1156;87762906;87271494;grande_vitesse;;
1157;87762906;87773002;grande_vitesse;;
1158;87762906;87751008;grande_vitesse;;
1159;87762906;87784009;grande_vitesse;;
1160;87762906;87686006;grande_vitesse;;
1161;87762906;87741769;grande_vitesse;;
1162;87762906;87741793;grande_vitesse;;
1163;87762906;87741728;grande_vitesse;;
1164;87762906;87313882;grande_vitesse;;
1165;87762906;87755009;grande_vitesse;;
1166;87762906;87761007;grande_vitesse;;
1167;87762906;87763029;grande_vitesse;;
1168;87762906;87781278;grande_vitesse;;
1169;87762906;87741645;grande_vitesse;;
1170;87762906;87764001;grande_vitesse;;
1171;87762906;87781104;grande_vitesse;;
1172;87762906;87765107;grande_vitesse;;
1173;87762906;87773200;grande_vitesse;;
1180;87481754;87481002;grande_vitesse;;
1181;87481754;87391003;grande_vitesse;;
1182;87481754;87396408;grande_vitesse;;
1183;87481754;87481705;grande_vitesse;;
1185;87473223;87391003;grande_vitesse;;
1186;87473223;87471003;grande_vitesse;;
1187;87473223;87473009;grande_vitesse;;
1191;87473108;87474338;grande_vitesse;;
1192;87473108;87473181;grande_vitesse;;
1193;87473108;87391003;grande_vitesse;;
1194;87473108;87471003;grande_vitesse;;
1195;87473108;87473009;grande_vitesse;;
1196;87473108;87474239;grande_vitesse;;
1201;87671339;87391003;grande_vitesse;;
1202;87671339;87671008;grande_vitesse;;
1220;87223263;87723197;grande_vitesse;;
1221;87223263;87722025;grande_vitesse;;
1222;87223263;87111849;grande_vitesse;;
1223;87223263;87271494;grande_vitesse;;
1224;87223263;87773002;grande_vitesse;;
1225;87223263;87751008;grande_vitesse;;
1226;87223263;87481002;grande_vitesse;;
1227;87223263;87784009;grande_vitesse;;
1228;87223263;87271007;grande_vitesse;;
1229;87223263;87313874;grande_vitesse;;
1230;87223263;87342014;grande_vitesse;;
1231;87223263;87471003;grande_vitesse;;
1232;87223263;87281071;grande_vitesse;;
1233;87223263;87688887;grande_vitesse;;
1234;87223263;87313882;grande_vitesse;;
1235;87223263;87763029;grande_vitesse;;
1236;87223263;87218156;grande_vitesse;;
1237;87223263;87781278;grande_vitesse;;
1238;87223263;87345009;grande_vitesse;;
1239;87223263;87781104;grande_vitesse;;
1240;87223263;87773200;grande_vitesse;;
1241;87223263;87703975;grande_vitesse;;
1246;87141150;87113001;grande_vitesse;;
1247;87141150;87215012;grande_vitesse;;
1248;87141150;87212225;grande_vitesse;;
1249;87141150;87144014;grande_vitesse;;
1263;87723197;87191973;grande_vitesse;;
1264;87723197;87212910;grande_vitesse;;
1275;87723197;87722025;grande_vitesse;;
1276;87723197;87725705;grande_vitesse;;
1277;87723197;87111849;grande_vitesse;;
1278;87723197;87271494;grande_vitesse;;
1279;87723197;87773002;grande_vitesse;;
1280;87723197;87393579;grande_vitesse;;
1281;87723197;87751008;grande_vitesse;;
1282;87723197;87381509;grande_vitesse;;
1283;87723197;87756056;grande_vitesse;;
1284;87723197;87481002;grande_vitesse;;
1285;87723197;87784009;grande_vitesse;;
1286;87723197;87686006;grande_vitesse;;
1287;87723197;87342014;grande_vitesse;;
1288;87723197;87471003;grande_vitesse;;
1289;87723197;87688887;grande_vitesse;;
1290;87723197;87313882;grande_vitesse;;
1291;87723197;87300822;grande_vitesse;;
1292;87723197;87300863;grande_vitesse;;
1293;87723197;87755009;grande_vitesse;;
1294;87723197;87411017;grande_vitesse;;
1295;87723197;87763029;grande_vitesse;;
1296;87723197;87218156;grande_vitesse;;
1297;87723197;87781278;grande_vitesse;;
1298;87723197;87757674;grande_vitesse;;
1299;87723197;87745000;grande_vitesse;;
1300;87723197;87713545;grande_vitesse;;
1301;87723197;87694109;grande_vitesse;;
1302;87723197;87725002;grande_vitesse;;
1303;87723197;87345009;grande_vitesse;;
1304;87723197;87781104;grande_vitesse;;
1305;87723197;87755447;grande_vitesse;;
1306;87723197;87571240;grande_vitesse;;
1307;87723197;87757526;grande_vitesse;;
1308;87723197;87773200;grande_vitesse;;
1309;87723197;87191007;grande_vitesse;;
1310;87723197;87611004;grande_vitesse;;
1311;87723197;87703975;grande_vitesse;;
1314;87722025;87478404;grande_vitesse;;
1322;87722025;87725705;grande_vitesse;;
1323;87722025;87111849;grande_vitesse;;
1324;87722025;87271494;grande_vitesse;;
1325;87722025;87481002;grande_vitesse;;
1326;87722025;87686006;grande_vitesse;;
1327;87722025;87342014;grande_vitesse;;
1328;87722025;87471003;grande_vitesse;;
1329;87722025;87313882;grande_vitesse;;
1330;87722025;87300822;grande_vitesse;;
1331;87722025;87300863;grande_vitesse;;
1332;87722025;87218156;grande_vitesse;;
1333;87722025;87694109;grande_vitesse;;
1334;87722025;87345009;grande_vitesse;;
1335;87722025;87571240;grande_vitesse;;
1342;87485003;87111849;grande_vitesse;;
1343;87485003;87271494;grande_vitesse;;
1344;87485003;87485300;grande_vitesse;;
1345;87485003;87575001;grande_vitesse;;
1346;87485003;87391003;grande_vitesse;;
1347;87485003;87324095;grande_vitesse;;
1348;87485003;87575142;grande_vitesse;;
1349;87485003;87571240;grande_vitesse;;
1358;87476002;87111849;grande_vitesse;;
1359;87476002;87271494;grande_vitesse;;
1360;87476002;87391003;grande_vitesse;;
1361;87476002;87471003;grande_vitesse;;
1362;87476002;87474155;grande_vitesse;;
1363;87476002;87474098;grande_vitesse;;
1364;87476002;87476606;grande_vitesse;;
1365;87476002;87471300;grande_vitesse;;
1366;87476002;87476200;grande_vitesse;;
1369;87486449;87481002;grande_vitesse;;
1370;87486449;87391003;grande_vitesse;;
1371;87486449;87486019;grande_vitesse;;
1375;87753004;87686006;grande_vitesse;;
1376;87753004;87761007;grande_vitesse;;
1377;87753004;87764001;grande_vitesse;;
1378;87753004;87765107;grande_vitesse;;
1382;87718833;87686006;grande_vitesse;;
1388;87725705;87746008;grande_vitesse;;
1389;87725705;87686006;grande_vitesse;;
1390;87725705;87741132;grande_vitesse;;
1391;87725705;87694109;grande_vitesse;;
1402;87111849;87212910;grande_vitesse;;
1417;87111849;87271494;grande_vitesse;;
1418;87111849;87773002;grande_vitesse;;
1419;87111849;87751008;grande_vitesse;;
1420;87111849;87485300;grande_vitesse;;
1421;87111849;87481002;grande_vitesse;;
1422;87111849;87784009;grande_vitesse;;
1423;87111849;87575001;grande_vitesse;;
1424;87111849;87741769;grande_vitesse;;
1425;87111849;87741793;grande_vitesse;;
1426;87111849;87741728;grande_vitesse;;
1427;87111849;87342014;grande_vitesse;;
1428;87111849;87471003;grande_vitesse;;
1429;87111849;87688887;grande_vitesse;;
1430;87111849;87313882;grande_vitesse;;
1431;87111849;87755009;grande_vitesse;;
1432;87111849;87474098;grande_vitesse;;
1433;87111849;87763029;grande_vitesse;;
1434;87111849;87476606;grande_vitesse;;
1435;87111849;87218156;grande_vitesse;;
1436;87111849;87781278;grande_vitesse;;
1437;87111849;87741645;grande_vitesse;;
1438;87111849;87345009;grande_vitesse;;
1439;87111849;87781104;grande_vitesse;;
1440;87111849;87571240;grande_vitesse;;
1441;87111849;87773200;grande_vitesse;;
1442;87111849;87476200;grande_vitesse;;
1443;87111849;87703975;grande_vitesse;;
1469;87271494;87773002;grande_vitesse;;
1470;87271494;87751008;grande_vitesse;;
1471;87271494;87485300;grande_vitesse;;
1472;87271494;87481002;grande_vitesse;;
1473;87271494;87784009;grande_vitesse;;
1474;87271494;87575001;grande_vitesse;;
1475;87271494;87741769;grande_vitesse;;
1476;87271494;87741793;grande_vitesse;;
1477;87271494;87741728;grande_vitesse;;
1478;87271494;87342014;grande_vitesse;;
1479;87271494;87471003;grande_vitesse;;
1480;87271494;87688887;grande_vitesse;;
1481;87271494;87313882;grande_vitesse;;
1482;87271494;87755009;grande_vitesse;;
1483;87271494;87474098;grande_vitesse;;
1484;87271494;87763029;grande_vitesse;;
1485;87271494;87476606;grande_vitesse;;
1486;87271494;87218156;grande_vitesse;;
1487;87271494;87781278;grande_vitesse;;
1488;87271494;87741645;grande_vitesse;;
1489;87271494;87345009;grande_vitesse;;
1490;87271494;87781104;grande_vitesse;;
1491;87271494;87571240;grande_vitesse;;
1492;87271494;87773200;grande_vitesse;;
1493;87271494;87476200;grande_vitesse;;
1494;87271494;87703975;grande_vitesse;;
1497;87773002;87286005;grande_vitesse;;
1501;87773002;87191973;grande_vitesse;;
1510;87773002;87784009;grande_vitesse;;
1511;87773002;87686006;grande_vitesse;;
1512;87773002;87342014;grande_vitesse;;
1513;87773002;87313882;grande_vitesse;;
1514;87773002;87300822;grande_vitesse;;
1515;87773002;87300863;grande_vitesse;;
1516;87773002;87763029;grande_vitesse;;
1517;87773002;87218156;grande_vitesse;;
1518;87773002;87781278;grande_vitesse;;
1519;87773002;87725002;grande_vitesse;;
1520;87773002;87781104;grande_vitesse;;
1521;87773002;87773200;grande_vitesse;;
1522;87773002;87191007;grande_vitesse;;
1523;87773002;87611004;grande_vitesse;;
1528;87393579;87751008;grande_vitesse;;
1529;87393579;87381509;grande_vitesse;;
1530;87393579;87411017;grande_vitesse;;
1531;87393579;87763029;grande_vitesse;;
1533;87751008;87478404;grande_vitesse;;
1536;87751008;87286542;grande_vitesse;;
1544;87751008;87191973;grande_vitesse;;
1545;87751008;87212910;grande_vitesse;;
1557;87751008;87381509;grande_vitesse;;
1558;87751008;87756056;grande_vitesse;;
1559;87751008;87686006;grande_vitesse;;
1560;87751008;87342014;grande_vitesse;;
1561;87751008;87471003;grande_vitesse;;
1562;87751008;87313882;grande_vitesse;;
1563;87751008;87300822;grande_vitesse;;
1564;87751008;87300863;grande_vitesse;;
1565;87751008;87755009;grande_vitesse;;
1566;87751008;87411017;grande_vitesse;;
1567;87751008;87763029;grande_vitesse;;
1568;87751008;87218156;grande_vitesse;;
1569;87751008;87757674;grande_vitesse;;
1570;87751008;87745000;grande_vitesse;;
1571;87751008;87713545;grande_vitesse;;
1572;87751008;87725002;grande_vitesse;;
1573;87751008;87345009;grande_vitesse;;
1574;87751008;87755629;grande_vitesse;;
1575;87751008;87755447;grande_vitesse;;
1576;87751008;87757526;grande_vitesse;;
1577;87751008;87191007;grande_vitesse;;
1584;87381509;87411017;grande_vitesse;;
1585;87381509;87763029;grande_vitesse;;
1590;87474338;87473181;grande_vitesse;;
1591;87474338;87391003;grande_vitesse;;
1592;87474338;87471003;grande_vitesse;;
1593;87474338;87473009;grande_vitesse;;
1594;87474338;87474239;grande_vitesse;;
1597;87746008;87686006;grande_vitesse;;
1598;87746008;87741132;grande_vitesse;;
1606;87756056;87725689;grande_vitesse;;
1608;87756056;87762906;grande_vitesse;;
1611;87756056;87686006;grande_vitesse;;
1612;87756056;87300822;grande_vitesse;;
1613;87756056;87300863;grande_vitesse;;
1614;87756056;87755009;grande_vitesse;;
1615;87756056;87763029;grande_vitesse;;
1616;87756056;87757674;grande_vitesse;;
1617;87756056;87713545;grande_vitesse;;
1618;87756056;87755447;grande_vitesse;;
1619;87756056;87757526;grande_vitesse;;
1629;87485300;87575001;grande_vitesse;;
1630;87485300;87391003;grande_vitesse;;
1631;87485300;87324095;grande_vitesse;;
1632;87485300;87575142;grande_vitesse;;
1633;87485300;87571240;grande_vitesse;;
1638;87481002;87318964;grande_vitesse;;
1655;87481002;87751008;grande_vitesse;;
1656;87481002;87391003;grande_vitesse;;
1657;87481002;87741769;grande_vitesse;;
1658;87481002;87741793;grande_vitesse;;
1659;87481002;87741728;grande_vitesse;;
1660;87481002;87396408;grande_vitesse;;
1661;87481002;87481705;grande_vitesse;;
1662;87481002;87688887;grande_vitesse;;
1663;87481002;87313882;grande_vitesse;;
1664;87481002;87763029;grande_vitesse;;
1665;87481002;87218156;grande_vitesse;;
1666;87481002;87741645;grande_vitesse;;
1667;87481002;87486019;grande_vitesse;;
1668;87481002;87571240;grande_vitesse;;
1669;87481002;87703975;grande_vitesse;;
1682;87784009;87784009;grande_vitesse;;
1683;87784009;87686006;grande_vitesse;;
1684;87784009;87342014;grande_vitesse;;
1685;87784009;87688887;grande_vitesse;;
1686;87784009;87313882;grande_vitesse;;
1687;87784009;87300822;grande_vitesse;;
1688;87784009;87300863;grande_vitesse;;
1689;87784009;87763029;grande_vitesse;;
1690;87784009;87218156;grande_vitesse;;
1691;87784009;87781278;grande_vitesse;;
1692;87784009;87725002;grande_vitesse;;
1693;87784009;87781104;grande_vitesse;;
1694;87784009;87773200;grande_vitesse;;
1695;87784009;87703975;grande_vitesse;;
1696;87575001;87673202;grande_vitesse;;
1699;87575001;87677005;grande_vitesse;;
1702;87575001;87673400;grande_vitesse;;
1704;87575001;87212910;grande_vitesse;;
1712;87575001;87582478;grande_vitesse;;
1713;87575001;87582643;grande_vitesse;;
1714;87575001;87223263;grande_vitesse;;
1719;87575001;87391003;grande_vitesse;;
1720;87575001;87324095;grande_vitesse;;
1721;87575001;87313882;grande_vitesse;;
1722;87575001;87582668;grande_vitesse;;
1723;87575001;87673004;grande_vitesse;;
1724;87575001;87575142;grande_vitesse;;
1725;87575001;87677120;grande_vitesse;;
1726;87575001;87584052;grande_vitesse;;
1727;87575001;87571240;grande_vitesse;;
1728;87473181;87478404;grande_vitesse;;
1731;87473181;87473223;grande_vitesse;;
1734;87473181;87391003;grande_vitesse;;
1735;87473181;87471003;grande_vitesse;;
1736;87473181;87473009;grande_vitesse;;
1737;87473181;87474239;grande_vitesse;;
1771;87686006;87741769;grande_vitesse;;
1772;87686006;87741793;grande_vitesse;;
1773;87686006;87741728;grande_vitesse;;
1774;87686006;87745497;grande_vitesse;;
1775;87686006;87187930;grande_vitesse;;
1776;87686006;87688887;grande_vitesse;;
1777;87686006;87300822;grande_vitesse;;
1778;87686006;87300863;grande_vitesse;;
1779;87686006;87755009;grande_vitesse;;
1780;87686006;87761007;grande_vitesse;;
1781;87686006;87763029;grande_vitesse;;
1782;87686006;87781278;grande_vitesse;;
1783;87686006;87741132;grande_vitesse;;
1784;87686006;87757674;grande_vitesse;;
1785;87686006;87741645;grande_vitesse;;
1786;87686006;87745000;grande_vitesse;;
1787;87686006;87743005;grande_vitesse;;
1788;87686006;87694109;grande_vitesse;;
1789;87686006;87745679;grande_vitesse;;
1790;87686006;87746479;grande_vitesse;;
1791;87686006;87755629;grande_vitesse;;
1792;87686006;87764001;grande_vitesse;;
1793;87686006;87781104;grande_vitesse;;
1794;87686006;87765107;grande_vitesse;;
1795;87686006;87755447;grande_vitesse;;
1796;87686006;87757526;grande_vitesse;;
1797;87686006;87746438;grande_vitesse;;
1798;87686006;87773200;grande_vitesse;;
1799;87686006;87745646;grande_vitesse;;
1800;87686006;87742361;grande_vitesse;;
1801;87686006;87703975;grande_vitesse;;
1840;87391003;87471003;grande_vitesse;;
1841;87391003;87474155;grande_vitesse;;
1842;87391003;87396408;grande_vitesse;;
1843;87391003;87473009;grande_vitesse;;
1844;87391003;87481705;grande_vitesse;;
1845;87391003;87324095;grande_vitesse;;
1846;87391003;87474098;grande_vitesse;;
1847;87391003;87476606;grande_vitesse;;
1848;87391003;87582668;grande_vitesse;;
1849;87391003;87673004;grande_vitesse;;
1850;87391003;87575142;grande_vitesse;;
1851;87391003;87677120;grande_vitesse;;
1852;87391003;87474239;grande_vitesse;;
1853;87391003;87584052;grande_vitesse;;
1854;87391003;87611244;grande_vitesse;;
1855;87391003;87471300;grande_vitesse;;
1856;87391003;87486019;grande_vitesse;;
1857;87391003;87478107;grande_vitesse;;
1858;87391003;87571240;grande_vitesse;;
1859;87391003;87671008;grande_vitesse;;
1860;87391003;87476200;grande_vitesse;;
1861;87391003;87471508;grande_vitesse;;
1862;87391003;87611004;grande_vitesse;;
1874;87271007;87342014;grande_vitesse;;
1875;87271007;87281071;grande_vitesse;;
1876;87271007;87342006;grande_vitesse;;
1877;87271007;87345009;grande_vitesse;;
1878;87271007;87345025;grande_vitesse;;
1879;87271007;87343004;grande_vitesse;;
1885;87113001;87191973;grande_vitesse;;
1894;87113001;87171009;grande_vitesse;;
1895;87113001;87144451;grande_vitesse;;
1896;87113001;87215012;grande_vitesse;;
1897;87113001;87212225;grande_vitesse;;
1898;87113001;87175042;grande_vitesse;;
1899;87113001;87174003;grande_vitesse;;
1900;87113001;87172007;grande_vitesse;;
1901;87113001;87214056;grande_vitesse;;
1902;87113001;87172254;grande_vitesse;;
1903;87113001;87144014;grande_vitesse;;
1904;87113001;87191007;grande_vitesse;;
1913;87741769;87725705;grande_vitesse;;
1918;87741769;87741793;grande_vitesse;;
1919;87741769;87741728;grande_vitesse;;
1920;87741769;87342014;grande_vitesse;;
1921;87741769;87471003;grande_vitesse;;
1922;87741769;87313882;grande_vitesse;;
1923;87741769;87741645;grande_vitesse;;
1924;87741769;87345009;grande_vitesse;;
1926;87313874;87342014;grande_vitesse;;
1935;87741793;87725705;grande_vitesse;;
1941;87741793;87741728;grande_vitesse;;
1942;87741793;87342014;grande_vitesse;;
1943;87741793;87471003;grande_vitesse;;
1944;87741793;87313882;grande_vitesse;;
1945;87741793;87741645;grande_vitesse;;
1946;87741793;87345009;grande_vitesse;;
1955;87741728;87725705;grande_vitesse;;
1962;87741728;87342014;grande_vitesse;;
1963;87741728;87471003;grande_vitesse;;
1964;87741728;87313882;grande_vitesse;;
1965;87741728;87741645;grande_vitesse;;
1966;87741728;87345009;grande_vitesse;;
1969;87745497;87745000;grande_vitesse;;
1970;87745497;87745679;grande_vitesse;;
1971;87745497;87746479;grande_vitesse;;
1972;87745497;87746438;grande_vitesse;;
1973;87745497;87745646;grande_vitesse;;
1974;87342014;87484006;grande_vitesse;;
1982;87342014;87583005;grande_vitesse;;
1984;87342014;87581009;grande_vitesse;;
1988;87342014;87393702;grande_vitesse;;
1998;87342014;87481002;grande_vitesse;;
1999;87342014;87575001;grande_vitesse;;
2005;87342014;87281071;grande_vitesse;;
2006;87342014;87313882;grande_vitesse;;
2007;87342014;87218156;grande_vitesse;;
2008;87342014;87741645;grande_vitesse;;
2009;87342014;87342006;grande_vitesse;;
2010;87342014;87345009;grande_vitesse;;
2011;87342014;87345025;grande_vitesse;;
2012;87342014;87571240;grande_vitesse;;
2013;87342014;87343004;grande_vitesse;;
2016;87171009;87172007;grande_vitesse;;
2017;87171009;87172254;grande_vitesse;;
2031;87471003;87775007;grande_vitesse;;
2042;87471003;87773002;grande_vitesse;;
2050;87471003;87474155;grande_vitesse;;
2051;87471003;87473009;grande_vitesse;;
2052;87471003;87313882;grande_vitesse;;
2053;87471003;87474098;grande_vitesse;;
2054;87471003;87763029;grande_vitesse;;
2055;87471003;87476606;grande_vitesse;;
2056;87471003;87218156;grande_vitesse;;
2057;87471003;87741645;grande_vitesse;;
2058;87471003;87474239;grande_vitesse;;
2059;87471003;87471300;grande_vitesse;;
2060;87471003;87478107;grande_vitesse;;
2061;87471003;87476200;grande_vitesse;;
2062;87471003;87471508;grande_vitesse;;
2073;87474155;87474098;grande_vitesse;;
2074;87474155;87476606;grande_vitesse;;
2075;87474155;87471300;grande_vitesse;;
2076;87474155;87476200;grande_vitesse;;
2081;87396408;87486449;grande_vitesse;;
2084;87396408;87481705;grande_vitesse;;
2085;87396408;87486019;grande_vitesse;;
2093;87215012;87212225;grande_vitesse;;
2103;87473009;87474239;grande_vitesse;;
2129;87281071;87281071;grande_vitesse;;
2130;87281071;87345009;grande_vitesse;;
2131;87187930;87212027;grande_vitesse;;
2136;87688887;87286005;grande_vitesse;;
2139;87688887;87762906;grande_vitesse;;
2147;87688887;87342014;grande_vitesse;;
2148;87688887;87313882;grande_vitesse;;
2149;87688887;87763029;grande_vitesse;;
2150;87688887;87218156;grande_vitesse;;
2151;87688887;87781278;grande_vitesse;;
2152;87688887;87781104;grande_vitesse;;
2153;87688887;87571240;grande_vitesse;;
2154;87688887;87773200;grande_vitesse;;
2155;87688887;87703975;grande_vitesse;;
2159;87324095;87575142;grande_vitesse;;
2160;87324095;87571240;grande_vitesse;;
2187;87313882;87763029;grande_vitesse;;
2188;87313882;87218156;grande_vitesse;;
2189;87313882;87741645;grande_vitesse;;
2190;87313882;87345009;grande_vitesse;;
2191;87313882;87571240;grande_vitesse;;
2199;87300822;87191973;grande_vitesse;;
2200;87300822;87212910;grande_vitesse;;
2214;87300822;87187930;grande_vitesse;;
2215;87300822;87300863;grande_vitesse;;
2216;87300822;87755009;grande_vitesse;;
2217;87300822;87763029;grande_vitesse;;
2218;87300822;87757674;grande_vitesse;;
2219;87300822;87713545;grande_vitesse;;
2220;87300822;87725002;grande_vitesse;;
2221;87300822;87781104;grande_vitesse;;
2222;87300822;87755447;grande_vitesse;;
2223;87300822;87757526;grande_vitesse;;
2224;87300822;87773200;grande_vitesse;;
2225;87300822;87191007;grande_vitesse;;
2234;87300863;87191973;grande_vitesse;;
2235;87300863;87212910;grande_vitesse;;
2250;87300863;87755009;grande_vitesse;;
2251;87300863;87763029;grande_vitesse;;
2252;87300863;87757674;grande_vitesse;;
2253;87300863;87713545;grande_vitesse;;
2254;87300863;87725002;grande_vitesse;;
2255;87300863;87781104;grande_vitesse;;
2256;87300863;87755447;grande_vitesse;;
2257;87300863;87757526;grande_vitesse;;
2258;87300863;87773200;grande_vitesse;;
2259;87300863;87191007;grande_vitesse;;
2267;87755009;87725689;grande_vitesse;;
2278;87755009;87763029;grande_vitesse;;
2279;87755009;87757674;grande_vitesse;;
2280;87755009;87713545;grande_vitesse;;
2281;87755009;87755629;grande_vitesse;;
2282;87755009;87755447;grande_vitesse;;
2283;87755009;87757526;grande_vitesse;;
2298;87474098;87476606;grande_vitesse;;
2299;87474098;87471300;grande_vitesse;;
2300;87474098;87476200;grande_vitesse;;
2308;87411017;87763029;grande_vitesse;;
2314;87761007;87764001;grande_vitesse;;
2315;87761007;87765107;grande_vitesse;;
2322;87763029;87182014;grande_vitesse;;
2327;87763029;87191973;grande_vitesse;;
2347;87763029;87342014;grande_vitesse;;
2354;87763029;87218156;grande_vitesse;;
2355;87763029;87781278;grande_vitesse;;
2356;87763029;87757674;grande_vitesse;;
2357;87763029;87725002;grande_vitesse;;
2358;87763029;87781104;grande_vitesse;;
2359;87763029;87755447;grande_vitesse;;
2360;87763029;87571240;grande_vitesse;;
2361;87763029;87757526;grande_vitesse;;
2362;87763029;87773200;grande_vitesse;;
2363;87763029;87191007;grande_vitesse;;
2364;87763029;87611004;grande_vitesse;;
2365;87763029;87703975;grande_vitesse;;
2381;87476606;87471300;grande_vitesse;;
2382;87476606;87476200;grande_vitesse;;
2383;87582668;87583005;grande_vitesse;;
2385;87582668;87393702;grande_vitesse;;
2389;87582668;87571240;grande_vitesse;;
2400;87781278;87342014;grande_vitesse;;
2402;87781278;87313882;grande_vitesse;;
2404;87781278;87218156;grande_vitesse;;
2405;87781278;87781104;grande_vitesse;;
2406;87781278;87773200;grande_vitesse;;
2407;87781278;87703975;grande_vitesse;;
2419;87757674;87725689;grande_vitesse;;
2421;87757674;87762906;grande_vitesse;;
2430;87757674;87713545;grande_vitesse;;
2431;87757674;87755447;grande_vitesse;;
2432;87757674;87757526;grande_vitesse;;
2441;87741645;87725705;grande_vitesse;;
2452;87741645;87345009;grande_vitesse;;
2456;87175042;87174003;grande_vitesse;;
2465;87745000;87743005;grande_vitesse;;
2466;87745000;87745679;grande_vitesse;;
2467;87745000;87746479;grande_vitesse;;
2468;87745000;87746438;grande_vitesse;;
2469;87745000;87745646;grande_vitesse;;
2474;87342006;87345025;grande_vitesse;;
2493;87713545;87755447;grande_vitesse;;
2494;87713545;87757526;grande_vitesse;;
2501;87673004;87677120;grande_vitesse;;
2502;87694109;87726000;grande_vitesse;;
2503;87694109;87223263;grande_vitesse;;
2507;87694109;87111849;grande_vitesse;;
2508;87694109;87271494;grande_vitesse;;
2510;87694109;87218156;grande_vitesse;;
2518;87725002;87191973;grande_vitesse;;
2519;87725002;87212910;grande_vitesse;;
2528;87725002;87781104;grande_vitesse;;
2529;87725002;87773200;grande_vitesse;;
2530;87725002;87191007;grande_vitesse;;
2543;87575142;87571240;grande_vitesse;;
2547;87172007;87172254;grande_vitesse;;
2548;87345009;87484006;grande_vitesse;;
2550;87345009;87583005;grande_vitesse;;
2551;87345009;87581009;grande_vitesse;;
2553;87345009;87393702;grande_vitesse;;
2557;87345009;87481002;grande_vitesse;;
2558;87345009;87575001;grande_vitesse;;
2566;87345009;87571240;grande_vitesse;;
2567;87345009;87343004;grande_vitesse;;
2571;87745679;87745646;grande_vitesse;;
2576;87746479;87746438;grande_vitesse;;
2577;87755629;87319012;grande_vitesse;;
2589;87474239;87478404;grande_vitesse;;
2603;87345025;87345009;grande_vitesse;;
2604;87345025;87343004;grande_vitesse;;
2609;87584052;87575142;grande_vitesse;;
2616;87764001;87765107;grande_vitesse;;
2618;87611244;87583005;grande_vitesse;;
2620;87611244;87571216;grande_vitesse;;
2622;87611244;87611004;grande_vitesse;;
2638;87781104;87342014;grande_vitesse;;
2640;87781104;87313882;grande_vitesse;;
2644;87781104;87218156;grande_vitesse;;
2647;87781104;87773200;grande_vitesse;;
2648;87781104;87611004;grande_vitesse;;
2649;87781104;87703975;grande_vitesse;;
2658;87471300;87396002;grande_vitesse;;
2666;87471300;87476200;grande_vitesse;;
2679;87755447;87725689;grande_vitesse;;
2681;87755447;87762906;grande_vitesse;;
2692;87755447;87757526;grande_vitesse;;
2705;87571240;87318964;grande_vitesse;;
2707;87571240;87212910;grande_vitesse;;
2715;87571240;87223263;grande_vitesse;;
2721;87571240;87751008;grande_vitesse;;
2731;87571240;87584052;grande_vitesse;;
2732;87571240;87703975;grande_vitesse;;
2740;87757526;87725689;grande_vitesse;;
2760;87214056;87147322;grande_vitesse;;
2761;87214056;87142109;grande_vitesse;;
2782;87773200;87342014;grande_vitesse;;
2784;87773200;87313882;grande_vitesse;;
2788;87773200;87218156;grande_vitesse;;
2792;87773200;87611004;grande_vitesse;;
2793;87773200;87703975;grande_vitesse;;
2811;87191007;87191973;grande_vitesse;;
2813;87191007;87147322;grande_vitesse;;
2815;87191007;87725689;grande_vitesse;;
2854;87471508;87478073;grande_vitesse;;
2855;87471508;87476002;grande_vitesse;;
2858;87471508;87476606;grande_vitesse;;
2859;87471508;87478107;grande_vitesse;;
2860;87471508;87476200;grande_vitesse;;
2862;87611004;87583005;grande_vitesse;;
2867;87611004;87571216;grande_vitesse;;
2872;87611004;87688887;grande_vitesse;;
2877;87611004;87703975;grande_vitesse;;
2880;87703975;87286005;grande_vitesse;;
2883;87703975;87762906;grande_vitesse;;
2891;87703975;87342014;grande_vitesse;;
2893;87703975;87313882;grande_vitesse;;
2895;87703975;87218156;grande_vitesse;;
10001;7102002;7102003;grande_vitesse;;périmètre Renfe : AVANT, AVE, AVLO
10002;7102002;7102030;grande_vitesse;;périmètre Renfe : AVANT, AVE
10003;7102002;7104040;grande_vitesse;;périmètre Renfe : AVE
10004;7102002;7104104;grande_vitesse;;périmètre Renfe : AVE
10005;7102002;7105000;grande_vitesse;;périmètre Renfe : AVANT, AVE
10006;7102002;7105012;grande_vitesse;;périmètre Renfe : AVANT
10007;7102002;7137200;grande_vitesse;;périmètre Renfe : AVE, AVLO
10008;7102002;7137300;grande_vitesse;;périmètre Renfe : AVE, AVLO
10009;7102002;7137704;grande_vitesse;;périmètre Renfe : AVE, AVLO
10010;7102002;7150500;grande_vitesse;;périmètre Renfe : AVANT, AVE, AVLO
10011;7102002;7151003;grande_vitesse;;périmètre Renfe : AVANT
10012;7102002;7154413;grande_vitesse;;périmètre Renfe : AVANT, AVE, AVLO
10013;7102002;7160000;grande_vitesse;;périmètre Renfe : AVE, AVLO
10014;7102002;7171801;grande_vitesse;;périmètre Renfe : AVE
10015;7102002;7178400;grande_vitesse;;périmètre Renfe : AVE
10016;7102003;7102030;grande_vitesse;;périmètre Renfe : AVANT, AVE
10017;7102003;7104040;grande_vitesse;;périmètre Renfe : AVE
10018;7102003;7104104;grande_vitesse;;périmètre Renfe : AVE
10019;7102003;7105000;grande_vitesse;;périmètre Renfe : AVANT, AVE
10020;7102003;7105012;grande_vitesse;;périmètre Renfe : AVANT, AVE
10021;7102003;7137200;grande_vitesse;;périmètre Renfe : AVE, AVLO
10022;7102003;7137300;grande_vitesse;;périmètre Renfe : AVE, AVLO
10023;7102003;7137704;grande_vitesse;;périmètre Renfe : AVE, AVLO
10024;7102003;7150500;grande_vitesse;;périmètre Renfe : ALVIA, AVANT, AVE, AVLO
10025;7102003;7151003;grande_vitesse;;périmètre Renfe : AVANT
10026;7102003;7154413;grande_vitesse;;périmètre Renfe : AVANT, AVE, AVLO
10027;7102003;7155007;grande_vitesse;;périmètre Renfe : ALVIA
10028;7102003;7155018;grande_vitesse;;périmètre Renfe : ALVIA
10029;7102003;7155020;grande_vitesse;;périmètre Renfe : ALVIA
10030;7102003;7160000;grande_vitesse;;périmètre Renfe : ALVIA, AVE, AVLO
10031;7102003;7171801;grande_vitesse;;périmètre Renfe : AVE
10032;7102003;7178400;grande_vitesse;;périmètre Renfe : AVE
10033;7102030;7104040;grande_vitesse;;périmètre Renfe : AVE
10034;7102030;7104104;grande_vitesse;;périmètre Renfe : AVE
10035;7102030;7105000;grande_vitesse;;périmètre Renfe : ALVIA, AVANT, AVE
10036;7102030;7105012;grande_vitesse;;périmètre Renfe : AVANT, AVE
10037;7102030;7137200;grande_vitesse;;périmètre Renfe : AVE
10038;7102030;7150500;grande_vitesse;;périmètre Renfe : ALVIA, AVANT, AVE
10039;7102030;7151003;grande_vitesse;;périmètre Renfe : AVANT
10040;7102030;7154413;grande_vitesse;;périmètre Renfe : AVANT
10041;7102030;7156200;grande_vitesse;;périmètre Renfe : ALVIA
10042;7102030;7156310;grande_vitesse;;périmètre Renfe : ALVIA
10043;7102030;7156312;grande_vitesse;;périmètre Renfe : ALVIA
10044;7102030;7160000;grande_vitesse;;périmètre Renfe : ALVIA, AVE
10045;7102030;7171801;grande_vitesse;;périmètre Renfe : AVE
10046;7102030;7178400;grande_vitesse;;périmètre Renfe : AVE
10047;7103208;7103213;grande_vitesse;;périmètre Renfe : AVE, AVLO
10048;7103208;7103216;grande_vitesse;;périmètre Renfe : AVE, AVLO
10049;7103208;7103309;grande_vitesse;;périmètre Renfe : ALVIA, AVE, AVLO
10050;7103208;7103410;grande_vitesse;;périmètre Renfe : AVE, AVLO
10051;7103208;7108004;grande_vitesse;;périmètre Renfe : ALVIA
10052;7103208;7110600;grande_vitesse;;périmètre Renfe : ALVIA, AVE, AVLO
10053;7103208;7114100;grande_vitesse;;périmètre Renfe : ALVIA, AVE
10054;7103208;7114114;grande_vitesse;;périmètre Renfe : ALVIA
10055;7103208;7114202;grande_vitesse;;périmètre Renfe : ALVIA
10056;7103208;7114213;grande_vitesse;;périmètre Renfe : ALVIA
10057;7103208;7114223;grande_vitesse;;périmètre Renfe : ALVIA
10058;7103208;7115100;grande_vitesse;;périmètre Renfe : ALVIA, AVE
10059;7103208;7115122;grande_vitesse;;périmètre Renfe : ALVIA
10060;7103208;7115203;grande_vitesse;;périmètre Renfe : ALVIA
10061;7103208;7115211;grande_vitesse;;périmètre Renfe : ALVIA
10062;7103208;7115410;grande_vitesse;;périmètre Renfe : ALVIA
10063;7103208;7117000;grande_vitesse;;périmètre Renfe : ALVIA, AVE, AVLO
10064;7103208;7122100;grande_vitesse;;périmètre Renfe : AVE
10065;7103208;7130200;grande_vitesse;;périmètre Renfe : AVE
10066;7103208;7137200;grande_vitesse;;périmètre Renfe : AVE
10067;7103208;7137300;grande_vitesse;;périmètre Renfe : AVE
10068;7103208;7150500;grande_vitesse;;périmètre Renfe : AVE
10069;7103208;7151003;grande_vitesse;;périmètre Renfe : AVE
10070;7103208;7160000;grande_vitesse;;périmètre Renfe : AVANT, AVE
10071;7103208;7160600;grande_vitesse;;périmètre Renfe : ALVIA, AVANT, AVE, AVLO
10072;7103208;7160911;grande_vitesse;;périmètre Renfe : ALVIA, AVE, AVLO
10073;7103208;7161200;grande_vitesse;;périmètre Renfe : AVE, AVLO
10074;7103208;7162002;grande_vitesse;;périmètre Renfe : AVE, AVLO
10075;7103208;7165300;grande_vitesse;;périmètre Renfe : AVE
10076;7103208;7192102;grande_vitesse;;périmètre Renfe : AVANT
10077;7103213;7103216;grande_vitesse;;périmètre Renfe : AVANT, AVE, AVLO
10078;7103213;7117000;grande_vitesse;;périmètre Renfe : AVE, AVLO
10079;7103213;7160000;grande_vitesse;;périmètre Renfe : AVE
10080;7103213;7165300;grande_vitesse;;périmètre Renfe : AVE
10081;7103216;7108004;grande_vitesse;;périmètre Renfe : AVE
10082;7103216;7110600;grande_vitesse;;périmètre Renfe : AVE
10083;7103216;7111014;grande_vitesse;;périmètre Renfe : AVE
10084;7103216;7114100;grande_vitesse;;périmètre Renfe : AVE
10085;7103216;7115100;grande_vitesse;;périmètre Renfe : AVE
10086;7103216;7117000;grande_vitesse;;périmètre Renfe : AVE, AVLO
10087;7103216;7137200;grande_vitesse;;périmètre Renfe : AVE
10088;7103216;7137300;grande_vitesse;;périmètre Renfe : AVE
10089;7103216;7150500;grande_vitesse;;périmètre Renfe : AVE
10090;7103216;7151003;grande_vitesse;;périmètre Renfe : AVE
10091;7103216;7160000;grande_vitesse;;périmètre Renfe : AVE
10092;7103216;7165300;grande_vitesse;;périmètre Renfe : AVE
10093;7103309;7103410;grande_vitesse;;périmètre Renfe : AVE, AVLO
10094;7103309;7108004;grande_vitesse;;périmètre Renfe : ALVIA
10095;7103309;7110600;grande_vitesse;;périmètre Renfe : ALVIA, AVLO
10096;7103309;7114100;grande_vitesse;;périmètre Renfe : ALVIA
10097;7103309;7114114;grande_vitesse;;périmètre Renfe : ALVIA
10098;7103309;7114202;grande_vitesse;;périmètre Renfe : ALVIA
10099;7103309;7114213;grande_vitesse;;périmètre Renfe : ALVIA
10100;7103309;7114223;grande_vitesse;;périmètre Renfe : ALVIA
10101;7103309;7115100;grande_vitesse;;périmètre Renfe : ALVIA
10102;7103309;7115122;grande_vitesse;;périmètre Renfe : ALVIA
10103;7103309;7115203;grande_vitesse;;périmètre Renfe : ALVIA
10104;7103309;7115211;grande_vitesse;;périmètre Renfe : ALVIA
10105;7103309;7115410;grande_vitesse;;périmètre Renfe : ALVIA
10106;7103309;7117000;grande_vitesse;;périmètre Renfe : ALVIA, AVE, AVLO
10107;7103309;7160000;grande_vitesse;;périmètre Renfe : AVE
10108;7103309;7160600;grande_vitesse;;périmètre Renfe : ALVIA, AVE, AVLO
10109;7103309;7160911;grande_vitesse;;périmètre Renfe : ALVIA, AVE, AVLO
10110;7103309;7161200;grande_vitesse;;périmètre Renfe : AVE, AVLO
10111;7103309;7162002;grande_vitesse;;périmètre Renfe : AVE, AVLO
10112;7103410;7103412;grande_vitesse;;périmètre Renfe : AVANT
10113;7103410;7108004;grande_vitesse;;périmètre Renfe : AVE
10114;7103410;7110600;grande_vitesse;;périmètre Renfe : AVE, AVLO
10115;7103410;7111014;grande_vitesse;;périmètre Renfe : AVE
10116;7103410;7117000;grande_vitesse;;périmètre Renfe : AVE, AVLO
10117;7103410;7160000;grande_vitesse;;périmètre Renfe : AVE
10118;7103410;7160600;grande_vitesse;;périmètre Renfe : AVE, AVLO
10119;7103410;7160911;grande_vitesse;;périmètre Renfe : AVANT, AVE, AVLO
10120;7103410;7161200;grande_vitesse;;périmètre Renfe : AVANT, AVE, AVLO
10121;7103410;7162001;grande_vitesse;;périmètre Renfe : AVANT
10122;7103410;7162002;grande_vitesse;;périmètre Renfe : AVANT, AVE, AVLO
10123;7103412;7160911;grande_vitesse;;périmètre Renfe : AVANT
10124;7103412;7161200;grande_vitesse;;périmètre Renfe : AVANT
10125;7103412;7162001;grande_vitesse;;périmètre Renfe : AVANT
10126;7103412;7162002;grande_vitesse;;périmètre Renfe : AVANT
10127;7104007;7104040;grande_vitesse;;périmètre Renfe : AVE, AVE INT
10128;7104007;7104104;grande_vitesse;;périmètre Renfe : AVE, AVE INT
10129;7104007;7104307;grande_vitesse;;périmètre Renfe : AVE, AVE INT
10130;7104007;7160000;grande_vitesse;;périmètre Renfe : ALVIA, AVE, AVE INT
10131;7104007;7170600;grande_vitesse;;périmètre Renfe : ALVIA, AVE
10132;7104007;7171801;grande_vitesse;;périmètre Renfe : AVE, AVE INT
10133;7104007;7174200;grande_vitesse;;périmètre Renfe : AVE
10134;7104007;7178200;grande_vitesse;;périmètre Renfe : AVE
10135;7104007;7178400;grande_vitesse;;périmètre Renfe : AVE
10136;7104007;7179300;grande_vitesse;;périmètre Renfe : AVE, AVE INT
10137;7104007;7180100;grande_vitesse;;périmètre Renfe : ALVIA
10138;7104007;7180108;grande_vitesse;;périmètre Renfe : ALVIA
10139;7104007;7181100;grande_vitesse;;périmètre Renfe : ALVIA
10140;7104007;7181108;grande_vitesse;;périmètre Renfe : ALVIA
10141;7104007;7181109;grande_vitesse;;périmètre Renfe : ALVIA
10142;7104007;7181110;grande_vitesse;;périmètre Renfe : ALVIA
10143;7104007;7181200;grande_vitesse;;périmètre Renfe : ALVIA
10144;7104007;7181202;grande_vitesse;;périmètre Renfe : ALVIA
10145;7104040;7104104;grande_vitesse;;périmètre Renfe : ALVIA, AVE, AVE INT, Intercity
10146;7104040;7104307;grande_vitesse;;périmètre Renfe : AVE, AVE INT
10147;7104040;7105000;grande_vitesse;;périmètre Renfe : AVE
10148;7104040;7108223;grande_vitesse;;périmètre Renfe : ALVIA
10149;7104040;7110500;grande_vitesse;;périmètre Renfe : Intercity
10150;7104040;7110501;grande_vitesse;;périmètre Renfe : Intercity
10151;7104040;7110502;grande_vitesse;;périmètre Renfe : Intercity
10152;7104040;7110503;grande_vitesse;;périmètre Renfe : Intercity
10153;7104040;7110504;grande_vitesse;;périmètre Renfe : Intercity
10154;7104040;7110600;grande_vitesse;;périmètre Renfe : Intercity
10155;7104040;7111014;grande_vitesse;;périmètre Renfe : ALVIA, Intercity
10156;7104040;7111200;grande_vitesse;;périmètre Renfe : ALVIA, Intercity
10157;7104040;7111208;grande_vitesse;;périmètre Renfe : ALVIA, Intercity
10158;7104040;7111300;grande_vitesse;;périmètre Renfe : ALVIA
10159;7104040;7111400;grande_vitesse;;périmètre Renfe : ALVIA
10160;7104040;7111511;grande_vitesse;;périmètre Renfe : ALVIA
10161;7104040;7113200;grande_vitesse;;périmètre Renfe : ALVIA
10162;7104040;7114100;grande_vitesse;;périmètre Renfe : ALVIA
10163;7104040;7115100;grande_vitesse;;périmètre Renfe : ALVIA
10164;7104040;7120100;grande_vitesse;;périmètre Renfe : ALVIA
10165;7104040;7120111;grande_vitesse;;périmètre Renfe : ALVIA
10166;7104040;7120200;grande_vitesse;;périmètre Renfe : ALVIA
10167;7104040;7120211;grande_vitesse;;périmètre Renfe : ALVIA
10168;7104040;7120213;grande_vitesse;;périmètre Renfe : ALVIA
10169;7104040;7120216;grande_vitesse;;périmètre Renfe : ALVIA
10170;7104040;7120300;grande_vitesse;;périmètre Renfe : ALVIA
10171;7104040;7122100;grande_vitesse;;périmètre Renfe : ALVIA
10172;7104040;7123004;grande_vitesse;;périmètre Renfe : ALVIA
10173;7104040;7123008;grande_vitesse;;périmètre Renfe : ALVIA
10174;7104040;7130100;grande_vitesse;;périmètre Renfe : Intercity
10175;7104040;7131400;grande_vitesse;;périmètre Renfe : ALVIA
10176;7104040;7132002;grande_vitesse;;périmètre Renfe : Intercity
10177;7104040;7132003;grande_vitesse;;périmètre Renfe : Intercity
10178;7104040;7132004;grande_vitesse;;périmètre Renfe : Intercity
10179;7104040;7137200;grande_vitesse;;périmètre Renfe : AVE
10180;7104040;7137300;grande_vitesse;;périmètre Renfe : AVE
10181;7104040;7150500;grande_vitesse;;périmètre Renfe : AVE
10182;7104040;7151003;grande_vitesse;;périmètre Renfe : AVE
10183;7104040;7154413;grande_vitesse;;périmètre Renfe : AVE
10184;7104040;7160000;grande_vitesse;;périmètre Renfe : AVE, AVE INT
10185;7104040;7170600;grande_vitesse;;périmètre Renfe : AVANT, AVE
10186;7104040;7171801;grande_vitesse;;périmètre Renfe : ALVIA, AVE, AVE INT, Intercity
10187;7104040;7174200;grande_vitesse;;périmètre Renfe : AVE
10188;7104040;7178200;grande_vitesse;;périmètre Renfe : AVE
10189;7104040;7178400;grande_vitesse;;périmètre Renfe : ALVIA, AVE, Intercity
10190;7104040;7179300;grande_vitesse;;périmètre Renfe : AVE, AVE INT
10191;7104040;7180100;grande_vitesse;;périmètre Renfe : ALVIA, Intercity
10192;7104040;7180108;grande_vitesse;;périmètre Renfe : ALVIA, Intercity
10193;7104040;7181002;grande_vitesse;;périmètre Renfe : ALVIA
10194;7104040;7181100;grande_vitesse;;périmètre Renfe : ALVIA
10195;7104040;7181108;grande_vitesse;;périmètre Renfe : ALVIA
10196;7104040;7181200;grande_vitesse;;périmètre Renfe : ALVIA, Intercity
10197;7104040;7181202;grande_vitesse;;périmètre Renfe : ALVIA, Intercity
10198;7104104;7104307;grande_vitesse;;périmètre Renfe : AVE, AVE INT, EUROMED
10199;7104104;7105000;grande_vitesse;;périmètre Renfe : AVE
10200;7104104;7108223;grande_vitesse;;périmètre Renfe : ALVIA
10201;7104104;7111014;grande_vitesse;;périmètre Renfe : ALVIA
10202;7104104;7111200;grande_vitesse;;périmètre Renfe : ALVIA
10203;7104104;7111208;grande_vitesse;;périmètre Renfe : ALVIA
10204;7104104;7111300;grande_vitesse;;périmètre Renfe : ALVIA
10205;7104104;7111400;grande_vitesse;;périmètre Renfe : ALVIA
10206;7104104;7111511;grande_vitesse;;périmètre Renfe : ALVIA
10207;7104104;7113200;grande_vitesse;;périmètre Renfe : ALVIA
10208;7104104;7114100;grande_vitesse;;périmètre Renfe : ALVIA
10209;7104104;7115100;grande_vitesse;;périmètre Renfe : ALVIA
10210;7104104;7120100;grande_vitesse;;périmètre Renfe : ALVIA
10211;7104104;7120111;grande_vitesse;;périmètre Renfe : ALVIA
10212;7104104;7120200;grande_vitesse;;périmètre Renfe : ALVIA
10213;7104104;7120211;grande_vitesse;;périmètre Renfe : ALVIA
10214;7104104;7120213;grande_vitesse;;périmètre Renfe : ALVIA
10215;7104104;7120216;grande_vitesse;;périmètre Renfe : ALVIA
10216;7104104;7120300;grande_vitesse;;périmètre Renfe : ALVIA
10217;7104104;7122100;grande_vitesse;;périmètre Renfe : ALVIA
10218;7104104;7123004;grande_vitesse;;périmètre Renfe : ALVIA
10219;7104104;7123008;grande_vitesse;;périmètre Renfe : ALVIA
10220;7104104;7131400;grande_vitesse;;périmètre Renfe : ALVIA
10221;7104104;7137200;grande_vitesse;;périmètre Renfe : AVE
10222;7104104;7137300;grande_vitesse;;périmètre Renfe : AVE
10223;7104104;7150100;grande_vitesse;;périmètre Renfe : ALVIA
10224;7104104;7150102;grande_vitesse;;périmètre Renfe : ALVIA
10225;7104104;7150207;grande_vitesse;;périmètre Renfe : ALVIA
10226;7104104;7150300;grande_vitesse;;périmètre Renfe : ALVIA
10227;7104104;7150500;grande_vitesse;;périmètre Renfe : ALVIA, AVE
10228;7104104;7151003;grande_vitesse;;périmètre Renfe : AVE
10229;7104104;7154413;grande_vitesse;;périmètre Renfe : AVE
10230;7104104;7160000;grande_vitesse;;périmètre Renfe : AVE, AVE INT
10231;7104104;7160400;grande_vitesse;;périmètre Renfe : ALVIA
10232;7104104;7160406;grande_vitesse;;périmètre Renfe : ALVIA
10233;7104104;7160500;grande_vitesse;;périmètre Renfe : ALVIA
10234;7104104;7160600;grande_vitesse;;périmètre Renfe : ALVIA
10235;7104104;7160902;grande_vitesse;;périmètre Renfe : Intercity
10236;7104104;7160905;grande_vitesse;;périmètre Renfe : Intercity
10237;7104104;7160911;grande_vitesse;;périmètre Renfe : EUROMED, Intercity
10238;7104104;7164100;grande_vitesse;;périmètre Renfe : ALVIA, Intercity
10239;7104104;7165000;grande_vitesse;;périmètre Renfe : ALVIA, EUROMED, Intercity
10240;7104104;7165200;grande_vitesse;;périmètre Renfe : Intercity
10241;7104104;7165300;grande_vitesse;;périmètre Renfe : ALVIA, EUROMED, Intercity
10242;7104104;7165304;grande_vitesse;;périmètre Renfe : Intercity
10243;7104104;7165311;grande_vitesse;;périmètre Renfe : ALVIA, Intercity
10244;7104104;7165312;grande_vitesse;;périmètre Renfe : ALVIA, Intercity
10245;7104104;7165318;grande_vitesse;;périmètre Renfe : Intercity
10246;7104104;7165400;grande_vitesse;;périmètre Renfe : AVANT EXP
10247;7104104;7165402;grande_vitesse;;périmètre Renfe : ALVIA, AVANT EXP, Intercity
10248;7104104;7165404;grande_vitesse;;périmètre Renfe : AVANT EXP
10249;7104104;7165405;grande_vitesse;;périmètre Renfe : AVANT EXP
10250;7104104;7165420;grande_vitesse;;périmètre Renfe : AVANT EXP
10251;7104104;7165422;grande_vitesse;;périmètre Renfe : ALVIA, AVANT EXP, Intercity
10252;7104104;7170600;grande_vitesse;;périmètre Renfe : AVE
10253;7104104;7171801;grande_vitesse;;périmètre Renfe : ALVIA, AVANT, AVANT EXP, AVE, AVE INT, EUROMED, Intercity
10254;7104104;7178400;grande_vitesse;;périmètre Renfe : ALVIA, AVANT, AVE, Intercity
10255;7104104;7179300;grande_vitesse;;périmètre Renfe : AVE, AVE INT, EUROMED
10256;7104104;7180100;grande_vitesse;;périmètre Renfe : ALVIA, Intercity
10257;7104104;7180108;grande_vitesse;;périmètre Renfe : ALVIA, Intercity
10258;7104104;7181002;grande_vitesse;;périmètre Renfe : ALVIA
10259;7104104;7181100;grande_vitesse;;périmètre Renfe : ALVIA
10260;7104104;7181108;grande_vitesse;;périmètre Renfe : ALVIA
10261;7104104;7181200;grande_vitesse;;périmètre Renfe : ALVIA, Intercity
10262;7104104;7181202;grande_vitesse;;périmètre Renfe : ALVIA, Intercity
10263;7104307;7160000;grande_vitesse;;périmètre Renfe : AVE, AVE INT
10264;7104307;7160911;grande_vitesse;;périmètre Renfe : EUROMED
10265;7104307;7165000;grande_vitesse;;périmètre Renfe : EUROMED
10266;7104307;7165300;grande_vitesse;;périmètre Renfe : EUROMED
10267;7104307;7170600;grande_vitesse;;périmètre Renfe : AVE
10268;7104307;7171801;grande_vitesse;;périmètre Renfe : AVANT, AVE, AVE INT, EUROMED
10269;7104307;7178400;grande_vitesse;;périmètre Renfe : AVE
10270;7104307;7179300;grande_vitesse;;périmètre Renfe : AVANT, AVE, AVE INT, EUROMED
10271;7105000;7105012;grande_vitesse;;périmètre Renfe : AVANT, AVE
10272;7105000;7137200;grande_vitesse;;périmètre Renfe : AVE
10273;7105000;7150500;grande_vitesse;;périmètre Renfe : ALVIA, AVANT, AVE
10274;7105000;7151003;grande_vitesse;;périmètre Renfe : AVANT
10275;7105000;7154413;grande_vitesse;;périmètre Renfe : AVANT
10276;7105000;7156200;grande_vitesse;;périmètre Renfe : ALVIA
10277;7105000;7156310;grande_vitesse;;périmètre Renfe : ALVIA
10278;7105000;7156312;grande_vitesse;;périmètre Renfe : ALVIA
10279;7105000;7160000;grande_vitesse;;périmètre Renfe : ALVIA, AVE
10280;7105000;7171801;grande_vitesse;;périmètre Renfe : AVE
10281;7105000;7178400;grande_vitesse;;périmètre Renfe : AVE
10282;7105012;7150500;grande_vitesse;;périmètre Renfe : AVANT, AVE
10283;7105012;7151003;grande_vitesse;;périmètre Renfe : AVANT
10284;7105012;7154413;grande_vitesse;;périmètre Renfe : AVANT
10285;7105012;7160000;grande_vitesse;;périmètre Renfe : AVE
10286;7106002;7106003;grande_vitesse;;périmètre Renfe : Intercity
10287;7106002;7106006;grande_vitesse;;périmètre Renfe : Intercity
10288;7106002;7160902;grande_vitesse;;périmètre Renfe : Intercity
10289;7106002;7160905;grande_vitesse;;périmètre Renfe : Intercity
10290;7106002;7160911;grande_vitesse;;périmètre Renfe : Intercity
10291;7106002;7161200;grande_vitesse;;périmètre Renfe : Intercity
10292;7106002;7162002;grande_vitesse;;périmètre Renfe : Intercity
10293;7106002;7162103;grande_vitesse;;périmètre Renfe : Intercity
10294;7106002;7164100;grande_vitesse;;périmètre Renfe : Intercity
10295;7106002;7165000;grande_vitesse;;périmètre Renfe : Intercity
10296;7106003;7106006;grande_vitesse;;périmètre Renfe : Intercity
10297;7106003;7160902;grande_vitesse;;périmètre Renfe : Intercity
10298;7106003;7160905;grande_vitesse;;périmètre Renfe : Intercity
10299;7106003;7160911;grande_vitesse;;périmètre Renfe : Intercity
10300;7106003;7161200;grande_vitesse;;périmètre Renfe : Intercity
10301;7106003;7162002;grande_vitesse;;périmètre Renfe : Intercity
10302;7106003;7162103;grande_vitesse;;périmètre Renfe : Intercity
10303;7106003;7164100;grande_vitesse;;périmètre Renfe : Intercity
10304;7106003;7165000;grande_vitesse;;périmètre Renfe : Intercity
10305;7106006;7160902;grande_vitesse;;périmètre Renfe : Intercity
10306;7106006;7160905;grande_vitesse;;périmètre Renfe : Intercity
10307;7106006;7160911;grande_vitesse;;périmètre Renfe : Intercity
10308;7106006;7161200;grande_vitesse;;périmètre Renfe : Intercity
10309;7106006;7162002;grande_vitesse;;périmètre Renfe : Intercity
10310;7106006;7162103;grande_vitesse;;périmètre Renfe : Intercity
10311;7106006;7164100;grande_vitesse;;périmètre Renfe : Intercity
10312;7106006;7165000;grande_vitesse;;périmètre Renfe : Intercity
10313;7107004;7161200;grande_vitesse;;périmètre Renfe : Intercity
10314;7108004;7108240;grande_vitesse;;périmètre Renfe : ALVIA, AVLO
10315;7108004;7108247;grande_vitesse;;périmètre Renfe : AVLO
10316;7108004;7108251;grande_vitesse;;périmètre Renfe : AVLO
10317;7108004;7110600;grande_vitesse;;périmètre Renfe : ALVIA, AVANT, AVE, AVLO, Intercity
10318;7108004;7111014;grande_vitesse;;périmètre Renfe : ALVIA, AVE, Intercity
10319;7108004;7111200;grande_vitesse;;périmètre Renfe : ALVIA, Intercity
10320;7108004;7111208;grande_vitesse;;périmètre Renfe : ALVIA, Intercity
10321;7108004;7111400;grande_vitesse;;périmètre Renfe : ALVIA, Intercity
10322;7108004;7111500;grande_vitesse;;périmètre Renfe : ALVIA
10323;7108004;7111511;grande_vitesse;;périmètre Renfe : ALVIA, Intercity
10324;7108004;7111600;grande_vitesse;;périmètre Renfe : ALVIA, Intercity
10325;7108004;7113106;grande_vitesse;;périmètre Renfe : ALVIA
10326;7108004;7113200;grande_vitesse;;périmètre Renfe : ALVIA
10327;7108004;7114100;grande_vitesse;;périmètre Renfe : ALVIA, AVE, AVLO, Intercity
10328;7108004;7114114;grande_vitesse;;périmètre Renfe : ALVIA
10329;7108004;7114202;grande_vitesse;;périmètre Renfe : ALVIA
10330;7108004;7114213;grande_vitesse;;périmètre Renfe : ALVIA
10331;7108004;7114223;grande_vitesse;;périmètre Renfe : ALVIA
10332;7108004;7115100;grande_vitesse;;périmètre Renfe : AVE, AVLO, Intercity
10333;7108004;7115122;grande_vitesse;;périmètre Renfe : AVLO
10334;7108004;7115203;grande_vitesse;;périmètre Renfe : AVLO
10335;7108004;7115211;grande_vitesse;;périmètre Renfe : AVE, AVLO
10336;7108004;7115410;grande_vitesse;;périmètre Renfe : AVE, AVLO
10337;7108004;7117000;grande_vitesse;;périmètre Renfe : ALVIA, AVANT, AVE, AVLO, Intercity
10338;7108004;7120005;grande_vitesse;;périmètre Renfe : Intercity
10339;7108004;7120100;grande_vitesse;;périmètre Renfe : Intercity
10340;7108004;7120102;grande_vitesse;;périmètre Renfe : Intercity
10341;7108004;7120104;grande_vitesse;;périmètre Renfe : Intercity
10342;7108004;7120109;grande_vitesse;;périmètre Renfe : Intercity
10343;7108004;7120111;grande_vitesse;;périmètre Renfe : Intercity
10344;7108004;7120113;grande_vitesse;;périmètre Renfe : Intercity
10345;7108004;7120200;grande_vitesse;;périmètre Renfe : Intercity
10346;7108004;7122100;grande_vitesse;;périmètre Renfe : AVLO
10347;7108004;7130100;grande_vitesse;;périmètre Renfe : ALVIA
10348;7108004;7130200;grande_vitesse;;périmètre Renfe : AVLO
10349;7108004;7131400;grande_vitesse;;périmètre Renfe : AVLO
10350;7108004;7131412;grande_vitesse;;périmètre Renfe : AVLO
10351;7108004;7160600;grande_vitesse;;périmètre Renfe : ALVIA
10352;7108004;7160911;grande_vitesse;;périmètre Renfe : ALVIA
10353;7108004;7161200;grande_vitesse;;périmètre Renfe : AVE
10354;7108004;7162002;grande_vitesse;;périmètre Renfe : AVE
10355;7108004;7181002;grande_vitesse;;périmètre Renfe : Intercity
10356;7108004;7181100;grande_vitesse;;périmètre Renfe : Intercity
10357;7108223;7108240;grande_vitesse;;périmètre Renfe : AVLO
10358;7108223;7108247;grande_vitesse;;périmètre Renfe : AVLO
10359;7108223;7108251;grande_vitesse;;périmètre Renfe : AVLO
10360;7108223;7111014;grande_vitesse;;périmètre Renfe : ALVIA
10361;7108223;7111200;grande_vitesse;;périmètre Renfe : ALVIA
10362;7108223;7111208;grande_vitesse;;périmètre Renfe : ALVIA
10363;7108223;7114100;grande_vitesse;;périmètre Renfe : ALVIA
10364;7108223;7115100;grande_vitesse;;périmètre Renfe : ALVIA
10365;7108223;7117000;grande_vitesse;;périmètre Renfe : AVE, AVLO
10366;7108223;7120100;grande_vitesse;;périmètre Renfe : ALVIA
10367;7108223;7120111;grande_vitesse;;périmètre Renfe : ALVIA
10368;7108223;7120200;grande_vitesse;;périmètre Renfe : ALVIA
10369;7108223;7120211;grande_vitesse;;périmètre Renfe : ALVIA
10370;7108223;7120213;grande_vitesse;;périmètre Renfe : ALVIA
10371;7108223;7120216;grande_vitesse;;périmètre Renfe : ALVIA
10372;7108223;7120300;grande_vitesse;;périmètre Renfe : ALVIA
10373;7108223;7122100;grande_vitesse;;périmètre Renfe : ALVIA, AVE, AVLO
10374;7108223;7123004;grande_vitesse;;périmètre Renfe : ALVIA, AVE, AVLO
10375;7108223;7123008;grande_vitesse;;périmètre Renfe : ALVIA, AVE, AVLO
10376;7108223;7130200;grande_vitesse;;périmètre Renfe : AVE, AVLO
10377;7108223;7131400;grande_vitesse;;périmètre Renfe : ALVIA, AVE, AVLO
10378;7108223;7171801;grande_vitesse;;périmètre Renfe : ALVIA
10379;7108223;7178400;grande_vitesse;;périmètre Renfe : ALVIA
10380;7108223;7180100;grande_vitesse;;périmètre Renfe : ALVIA
10381;7108223;7180108;grande_vitesse;;périmètre Renfe : ALVIA
10382;7108223;7181200;grande_vitesse;;périmètre Renfe : ALVIA
10383;7108223;7181202;grande_vitesse;;périmètre Renfe : ALVIA
10384;7108240;7108247;grande_vitesse;;périmètre Renfe : ALVIA, AVLO
10385;7108240;7108251;grande_vitesse;;périmètre Renfe : ALVIA, AVLO
10386;7108240;7117000;grande_vitesse;;périmètre Renfe : ALVIA, AVLO
10387;7108240;7120300;grande_vitesse;;périmètre Renfe : ALVIA
10388;7108240;7120305;grande_vitesse;;périmètre Renfe : ALVIA
10389;7108240;7120309;grande_vitesse;;périmètre Renfe : ALVIA
10390;7108240;7122100;grande_vitesse;;périmètre Renfe : ALVIA, AVLO
10391;7108240;7123004;grande_vitesse;;périmètre Renfe : AVLO
10392;7108240;7123008;grande_vitesse;;périmètre Renfe : AVLO
10393;7108240;7130100;grande_vitesse;;périmètre Renfe : ALVIA
10394;7108240;7130200;grande_vitesse;;périmètre Renfe : ALVIA, AVLO
10395;7108240;7131400;grande_vitesse;;périmètre Renfe : AVLO
10396;7108240;7131412;grande_vitesse;;périmètre Renfe : AVLO
10397;7108247;7108251;grande_vitesse;;périmètre Renfe : ALVIA, AVLO
10398;7108247;7117000;grande_vitesse;;périmètre Renfe : ALVIA, AVLO
10399;7108247;7120300;grande_vitesse;;périmètre Renfe : ALVIA
10400;7108247;7120305;grande_vitesse;;périmètre Renfe : ALVIA
10401;7108247;7120309;grande_vitesse;;périmètre Renfe : ALVIA
10402;7108247;7122100;grande_vitesse;;périmètre Renfe : ALVIA, AVLO
10403;7108247;7123004;grande_vitesse;;périmètre Renfe : AVLO
10404;7108247;7123008;grande_vitesse;;périmètre Renfe : AVLO
10405;7108247;7130200;grande_vitesse;;périmètre Renfe : ALVIA, AVLO
10406;7108247;7131400;grande_vitesse;;périmètre Renfe : AVLO
10407;7108247;7131412;grande_vitesse;;périmètre Renfe : AVLO
10408;7108251;7117000;grande_vitesse;;périmètre Renfe : ALVIA, AVLO
10409;7108251;7120300;grande_vitesse;;périmètre Renfe : ALVIA
10410;7108251;7120305;grande_vitesse;;périmètre Renfe : ALVIA
10411;7108251;7120309;grande_vitesse;;périmètre Renfe : ALVIA
10412;7108251;7122100;grande_vitesse;;périmètre Renfe : ALVIA, AVLO
10413;7108251;7123004;grande_vitesse;;périmètre Renfe : AVLO
10414;7108251;7123008;grande_vitesse;;périmètre Renfe : AVLO
10415;7108251;7130200;grande_vitesse;;périmètre Renfe : ALVIA, AVLO
10416;7108251;7131400;grande_vitesse;;périmètre Renfe : AVLO
10417;7108251;7131412;grande_vitesse;;périmètre Renfe : AVLO
10418;7110500;7110501;grande_vitesse;;périmètre Renfe : Intercity
10419;7110500;7110502;grande_vitesse;;périmètre Renfe : Intercity
10420;7110500;7110503;grande_vitesse;;périmètre Renfe : Intercity
10421;7110500;7110504;grande_vitesse;;périmètre Renfe : Intercity
10422;7110500;7110600;grande_vitesse;;périmètre Renfe : Intercity
10423;7110500;7111014;grande_vitesse;;périmètre Renfe : Intercity
10424;7110500;7111200;grande_vitesse;;périmètre Renfe : Intercity
10425;7110500;7111208;grande_vitesse;;périmètre Renfe : Intercity
10426;7110500;7130100;grande_vitesse;;périmètre Renfe : Intercity
10427;7110500;7132002;grande_vitesse;;périmètre Renfe : Intercity
10428;7110500;7132003;grande_vitesse;;périmètre Renfe : Intercity
10429;7110500;7132004;grande_vitesse;;périmètre Renfe : Intercity
10430;7110500;7180100;grande_vitesse;;périmètre Renfe : Intercity
10431;7110501;7110502;grande_vitesse;;périmètre Renfe : Intercity
10432;7110501;7110503;grande_vitesse;;périmètre Renfe : Intercity
10433;7110501;7110504;grande_vitesse;;périmètre Renfe : Intercity
10434;7110501;7110600;grande_vitesse;;périmètre Renfe : Intercity
10435;7110501;7111014;grande_vitesse;;périmètre Renfe : Intercity
10436;7110501;7111200;grande_vitesse;;périmètre Renfe : Intercity
10437;7110501;7111208;grande_vitesse;;périmètre Renfe : Intercity
10438;7110501;7130100;grande_vitesse;;périmètre Renfe : Intercity
10439;7110501;7180100;grande_vitesse;;périmètre Renfe : Intercity
10440;7110502;7110503;grande_vitesse;;périmètre Renfe : Intercity
10441;7110502;7110504;grande_vitesse;;périmètre Renfe : Intercity
10442;7110502;7110600;grande_vitesse;;périmètre Renfe : Intercity
10443;7110502;7111014;grande_vitesse;;périmètre Renfe : Intercity
10444;7110502;7111200;grande_vitesse;;périmètre Renfe : Intercity
10445;7110502;7111208;grande_vitesse;;périmètre Renfe : Intercity
10446;7110502;7130100;grande_vitesse;;périmètre Renfe : Intercity
10447;7110502;7180100;grande_vitesse;;périmètre Renfe : Intercity
10448;7110503;7110504;grande_vitesse;;périmètre Renfe : Intercity
10449;7110503;7110600;grande_vitesse;;périmètre Renfe : Intercity
10450;7110503;7111014;grande_vitesse;;périmètre Renfe : Intercity
10451;7110503;7111200;grande_vitesse;;périmètre Renfe : Intercity
10452;7110503;7111208;grande_vitesse;;périmètre Renfe : Intercity
10453;7110503;7130100;grande_vitesse;;périmètre Renfe : Intercity
10454;7110503;7180100;grande_vitesse;;périmètre Renfe : Intercity
10455;7110504;7110600;grande_vitesse;;périmètre Renfe : Intercity
10456;7110504;7111014;grande_vitesse;;périmètre Renfe : Intercity
10457;7110504;7111200;grande_vitesse;;périmètre Renfe : Intercity
10458;7110504;7111208;grande_vitesse;;périmètre Renfe : Intercity
10459;7110504;7130100;grande_vitesse;;périmètre Renfe : Intercity
10460;7110504;7180100;grande_vitesse;;périmètre Renfe : Intercity
10461;7110600;7111014;grande_vitesse;;périmètre Renfe : ALVIA, AVE, Intercity
10462;7110600;7111200;grande_vitesse;;périmètre Renfe : ALVIA, Intercity
10463;7110600;7111208;grande_vitesse;;périmètre Renfe : ALVIA, Intercity
10464;7110600;7111400;grande_vitesse;;périmètre Renfe : ALVIA, Intercity
10465;7110600;7111500;grande_vitesse;;périmètre Renfe : ALVIA, Intercity
10466;7110600;7111511;grande_vitesse;;périmètre Renfe : ALVIA, Intercity
10467;7110600;7111600;grande_vitesse;;périmètre Renfe : ALVIA, Intercity
10468;7110600;7113106;grande_vitesse;;périmètre Renfe : ALVIA
10469;7110600;7113200;grande_vitesse;;périmètre Renfe : ALVIA
10470;7110600;7114100;grande_vitesse;;périmètre Renfe : ALVIA, AVE, AVLO, Intercity
10471;7110600;7114114;grande_vitesse;;périmètre Renfe : ALVIA
10472;7110600;7114202;grande_vitesse;;périmètre Renfe : ALVIA, Intercity
10473;7110600;7114213;grande_vitesse;;périmètre Renfe : ALVIA, Intercity
10474;7110600;7114223;grande_vitesse;;périmètre Renfe : ALVIA, Intercity
10475;7110600;7115100;grande_vitesse;;périmètre Renfe : ALVIA, AVE, AVLO, Intercity
10476;7110600;7115122;grande_vitesse;;périmètre Renfe : ALVIA, AVLO
10477;7110600;7115203;grande_vitesse;;périmètre Renfe : ALVIA, AVE, AVLO
10478;7110600;7115211;grande_vitesse;;périmètre Renfe : ALVIA, AVE, AVLO
10479;7110600;7115410;grande_vitesse;;périmètre Renfe : ALVIA, AVE, AVLO
10480;7110600;7116403;grande_vitesse;;périmètre Renfe : ALVIA
10481;7110600;7117000;grande_vitesse;;périmètre Renfe : ALVIA, AVANT, AVE, AVLO, Intercity
10482;7110600;7120005;grande_vitesse;;périmètre Renfe : Intercity
10483;7110600;7120100;grande_vitesse;;périmètre Renfe : Intercity
10484;7110600;7120102;grande_vitesse;;périmètre Renfe : Intercity
10485;7110600;7120104;grande_vitesse;;périmètre Renfe : Intercity
10486;7110600;7120109;grande_vitesse;;périmètre Renfe : Intercity
10487;7110600;7120111;grande_vitesse;;périmètre Renfe : Intercity
10488;7110600;7120113;grande_vitesse;;périmètre Renfe : Intercity
10489;7110600;7120200;grande_vitesse;;périmètre Renfe : Intercity
10490;7110600;7130100;grande_vitesse;;périmètre Renfe : Intercity
10491;7110600;7132002;grande_vitesse;;périmètre Renfe : Intercity
10492;7110600;7132003;grande_vitesse;;périmètre Renfe : Intercity
10493;7110600;7132004;grande_vitesse;;périmètre Renfe : Intercity
10494;7110600;7160600;grande_vitesse;;périmètre Renfe : ALVIA, AVE, AVLO
10495;7110600;7160911;grande_vitesse;;périmètre Renfe : ALVIA, AVE, AVLO
10496;7110600;7161200;grande_vitesse;;périmètre Renfe : AVE, AVLO
10497;7110600;7162002;grande_vitesse;;périmètre Renfe : AVE, AVLO
10498;7110600;7180100;grande_vitesse;;périmètre Renfe : Intercity
10499;7110600;7181002;grande_vitesse;;périmètre Renfe : Intercity
10500;7110600;7181100;grande_vitesse;;périmètre Renfe : Intercity
10501;7111014;7111200;grande_vitesse;;périmètre Renfe : ALVIA, Intercity
10502;7111014;7111208;grande_vitesse;;périmètre Renfe : ALVIA, Intercity
10503;7111014;7111400;grande_vitesse;;périmètre Renfe : ALVIA, Intercity
10504;7111014;7111500;grande_vitesse;;périmètre Renfe : ALVIA, Intercity
10505;7111014;7111511;grande_vitesse;;périmètre Renfe : ALVIA, Intercity
10506;7111014;7111600;grande_vitesse;;périmètre Renfe : ALVIA, Intercity
10507;7111014;7113106;grande_vitesse;;périmètre Renfe : ALVIA
10508;7111014;7113200;grande_vitesse;;périmètre Renfe : ALVIA
10509;7111014;7114100;grande_vitesse;;périmètre Renfe : ALVIA
10510;7111014;7115100;grande_vitesse;;périmètre Renfe : ALVIA
10511;7111014;7117000;grande_vitesse;;périmètre Renfe : ALVIA, AVE, Intercity
10512;7111014;7120100;grande_vitesse;;périmètre Renfe : ALVIA
10513;7111014;7120111;grande_vitesse;;périmètre Renfe : ALVIA
10514;7111014;7120200;grande_vitesse;;périmètre Renfe : ALVIA
10515;7111014;7120211;grande_vitesse;;périmètre Renfe : ALVIA
10516;7111014;7120213;grande_vitesse;;périmètre Renfe : ALVIA
10517;7111014;7120216;grande_vitesse;;périmètre Renfe : ALVIA
10518;7111014;7120300;grande_vitesse;;périmètre Renfe : ALVIA
10519;7111014;7122100;grande_vitesse;;périmètre Renfe : ALVIA
10520;7111014;7123004;grande_vitesse;;périmètre Renfe : ALVIA
10521;7111014;7123008;grande_vitesse;;périmètre Renfe : ALVIA
10522;7111014;7130100;grande_vitesse;;périmètre Renfe : Intercity
10523;7111014;7131400;grande_vitesse;;périmètre Renfe : ALVIA
10524;7111014;7132002;grande_vitesse;;périmètre Renfe : Intercity
10525;7111014;7132003;grande_vitesse;;périmètre Renfe : Intercity
10526;7111014;7132004;grande_vitesse;;périmètre Renfe : Intercity
10527;7111014;7161200;grande_vitesse;;périmètre Renfe : AVE
10528;7111014;7162002;grande_vitesse;;périmètre Renfe : AVE
10529;7111014;7171801;grande_vitesse;;périmètre Renfe : ALVIA
10530;7111014;7178400;grande_vitesse;;périmètre Renfe : ALVIA
10531;7111014;7180100;grande_vitesse;;périmètre Renfe : ALVIA, Intercity
10532;7111014;7180108;grande_vitesse;;périmètre Renfe : ALVIA
10533;7111014;7181002;grande_vitesse;;périmètre Renfe : Intercity
10534;7111014;7181100;grande_vitesse;;périmètre Renfe : Intercity
10535;7111014;7181200;grande_vitesse;;périmètre Renfe : ALVIA
10536;7111014;7181202;grande_vitesse;;périmètre Renfe : ALVIA
10537;7111200;7111208;grande_vitesse;;périmètre Renfe : ALVIA, Intercity
10538;7111200;7111400;grande_vitesse;;périmètre Renfe : ALVIA, Intercity
10539;7111200;7111500;grande_vitesse;;périmètre Renfe : ALVIA, Intercity
10540;7111200;7111511;grande_vitesse;;périmètre Renfe : ALVIA, Intercity
10541;7111200;7111600;grande_vitesse;;périmètre Renfe : ALVIA, Intercity
10542;7111200;7113106;grande_vitesse;;périmètre Renfe : ALVIA, Intercity
10543;7111200;7113200;grande_vitesse;;périmètre Renfe : ALVIA, Intercity
10544;7111200;7114100;grande_vitesse;;périmètre Renfe : ALVIA
10545;7111200;7115100;grande_vitesse;;périmètre Renfe : ALVIA
10546;7111200;7117000;grande_vitesse;;périmètre Renfe : ALVIA, Intercity
10547;7111200;7120100;grande_vitesse;;périmètre Renfe : ALVIA
10548;7111200;7120111;grande_vitesse;;périmètre Renfe : ALVIA
10549;7111200;7120200;grande_vitesse;;périmètre Renfe : ALVIA
10550;7111200;7120211;grande_vitesse;;périmètre Renfe : ALVIA
10551;7111200;7120213;grande_vitesse;;périmètre Renfe : ALVIA
10552;7111200;7120216;grande_vitesse;;périmètre Renfe : ALVIA
10553;7111200;7120300;grande_vitesse;;périmètre Renfe : ALVIA
10554;7111200;7122100;grande_vitesse;;périmètre Renfe : ALVIA
10555;7111200;7123004;grande_vitesse;;périmètre Renfe : ALVIA
10556;7111200;7123008;grande_vitesse;;périmètre Renfe : ALVIA
10557;7111200;7130100;grande_vitesse;;périmètre Renfe : Intercity
10558;7111200;7131400;grande_vitesse;;périmètre Renfe : ALVIA
10559;7111200;7132002;grande_vitesse;;périmètre Renfe : Intercity
10560;7111200;7132003;grande_vitesse;;périmètre Renfe : Intercity
10561;7111200;7132004;grande_vitesse;;périmètre Renfe : Intercity
10562;7111200;7171801;grande_vitesse;;périmètre Renfe : ALVIA
10563;7111200;7178400;grande_vitesse;;périmètre Renfe : ALVIA
10564;7111200;7180100;grande_vitesse;;périmètre Renfe : ALVIA, Intercity
10565;7111200;7180108;grande_vitesse;;périmètre Renfe : ALVIA
10566;7111200;7181002;grande_vitesse;;périmètre Renfe : ALVIA, Intercity
10567;7111200;7181100;grande_vitesse;;périmètre Renfe : ALVIA, Intercity
10568;7111200;7181108;grande_vitesse;;périmètre Renfe : ALVIA
10569;7111200;7181200;grande_vitesse;;périmètre Renfe : ALVIA
10570;7111200;7181202;grande_vitesse;;périmètre Renfe : ALVIA
10571;7111208;7111300;grande_vitesse;;périmètre Renfe : Intercity
10572;7111208;7111400;grande_vitesse;;périmètre Renfe : ALVIA, Intercity
10573;7111208;7111500;grande_vitesse;;périmètre Renfe : ALVIA, Intercity
10574;7111208;7111511;grande_vitesse;;périmètre Renfe : ALVIA, Intercity
10575;7111208;7111600;grande_vitesse;;périmètre Renfe : ALVIA, Intercity
10576;7111208;7114100;grande_vitesse;;périmètre Renfe : ALVIA
10577;7111208;7115100;grande_vitesse;;périmètre Renfe : ALVIA
10578;7111208;7117000;grande_vitesse;;périmètre Renfe : ALVIA, Intercity
10579;7111208;7120100;grande_vitesse;;périmètre Renfe : ALVIA
10580;7111208;7120111;grande_vitesse;;périmètre Renfe : ALVIA
10581;7111208;7120200;grande_vitesse;;périmètre Renfe : ALVIA
10582;7111208;7120211;grande_vitesse;;périmètre Renfe : ALVIA
10583;7111208;7120213;grande_vitesse;;périmètre Renfe : ALVIA
10584;7111208;7120216;grande_vitesse;;périmètre Renfe : ALVIA
10585;7111208;7120300;grande_vitesse;;périmètre Renfe : ALVIA
10586;7111208;7122100;grande_vitesse;;périmètre Renfe : ALVIA
10587;7111208;7123004;grande_vitesse;;périmètre Renfe : ALVIA
10588;7111208;7123008;grande_vitesse;;périmètre Renfe : ALVIA
10589;7111208;7130100;grande_vitesse;;périmètre Renfe : Intercity
10590;7111208;7131400;grande_vitesse;;périmètre Renfe : ALVIA
10591;7111208;7132002;grande_vitesse;;périmètre Renfe : Intercity
10592;7111208;7132003;grande_vitesse;;périmètre Renfe : Intercity
10593;7111208;7132004;grande_vitesse;;périmètre Renfe : Intercity
10594;7111208;7171801;grande_vitesse;;périmètre Renfe : ALVIA
10595;7111208;7178400;grande_vitesse;;périmètre Renfe : ALVIA
10596;7111208;7180100;grande_vitesse;;périmètre Renfe : ALVIA, Intercity
10597;7111208;7180108;grande_vitesse;;périmètre Renfe : ALVIA
10598;7111208;7181200;grande_vitesse;;périmètre Renfe : ALVIA
10599;7111208;7181202;grande_vitesse;;périmètre Renfe : ALVIA
10600;7111300;7111400;grande_vitesse;;périmètre Renfe : ALVIA, Intercity
10601;7111300;7111511;grande_vitesse;;périmètre Renfe : ALVIA, Intercity
10602;7111300;7171801;grande_vitesse;;périmètre Renfe : ALVIA
10603;7111300;7178400;grande_vitesse;;périmètre Renfe : ALVIA
10604;7111300;7180100;grande_vitesse;;périmètre Renfe : ALVIA
10605;7111300;7180108;grande_vitesse;;périmètre Renfe : ALVIA
10606;7111300;7181200;grande_vitesse;;périmètre Renfe : ALVIA
10607;7111300;7181202;grande_vitesse;;périmètre Renfe : ALVIA
10608;7111400;7111500;grande_vitesse;;périmètre Renfe : ALVIA, Intercity
10609;7111400;7111511;grande_vitesse;;périmètre Renfe : ALVIA, Intercity
10610;7111400;7111600;grande_vitesse;;périmètre Renfe : ALVIA, Intercity
10611;7111400;7117000;grande_vitesse;;périmètre Renfe : ALVIA, Intercity
10612;7111400;7171801;grande_vitesse;;périmètre Renfe : ALVIA
10613;7111400;7178400;grande_vitesse;;périmètre Renfe : ALVIA
10614;7111400;7180100;grande_vitesse;;périmètre Renfe : ALVIA
10615;7111400;7180108;grande_vitesse;;périmètre Renfe : ALVIA
10616;7111400;7181200;grande_vitesse;;périmètre Renfe : ALVIA
10617;7111400;7181202;grande_vitesse;;périmètre Renfe : ALVIA
10618;7111500;7111511;grande_vitesse;;périmètre Renfe : ALVIA, Intercity
10619;7111500;7111600;grande_vitesse;;périmètre Renfe : ALVIA, Intercity
10620;7111500;7117000;grande_vitesse;;périmètre Renfe : ALVIA, Intercity
10621;7111511;7117000;grande_vitesse;;périmètre Renfe : ALVIA, Intercity
10622;7111511;7171801;grande_vitesse;;périmètre Renfe : ALVIA
10623;7111511;7178400;grande_vitesse;;périmètre Renfe : ALVIA
10624;7111511;7180100;grande_vitesse;;périmètre Renfe : ALVIA
10625;7111511;7180108;grande_vitesse;;périmètre Renfe : ALVIA
10626;7111511;7181200;grande_vitesse;;périmètre Renfe : ALVIA
10627;7111511;7181202;grande_vitesse;;périmètre Renfe : ALVIA
10628;7111600;7117000;grande_vitesse;;périmètre Renfe : ALVIA, Intercity
10629;7113106;7113200;grande_vitesse;;périmètre Renfe : ALVIA, Intercity
10630;7113106;7117000;grande_vitesse;;périmètre Renfe : ALVIA
10631;7113200;7117000;grande_vitesse;;périmètre Renfe : ALVIA
10632;7113200;7171801;grande_vitesse;;périmètre Renfe : ALVIA
10633;7113200;7178400;grande_vitesse;;périmètre Renfe : ALVIA
10634;7113200;7181002;grande_vitesse;;périmètre Renfe : ALVIA
10635;7113200;7181100;grande_vitesse;;périmètre Renfe : ALVIA
10636;7113200;7181108;grande_vitesse;;périmètre Renfe : ALVIA
10637;7113200;7181200;grande_vitesse;;périmètre Renfe : ALVIA
10638;7113200;7181202;grande_vitesse;;périmètre Renfe : ALVIA
10639;7114100;7114114;grande_vitesse;;périmètre Renfe : ALVIA
10640;7114100;7114202;grande_vitesse;;périmètre Renfe : ALVIA, Intercity
10641;7114100;7114213;grande_vitesse;;périmètre Renfe : ALVIA, Intercity
10642;7114100;7114223;grande_vitesse;;périmètre Renfe : ALVIA, Intercity
10643;7114100;7115100;grande_vitesse;;périmètre Renfe : ALVIA, AVE, AVLO, Intercity
10644;7114100;7115122;grande_vitesse;;périmètre Renfe : ALVIA, AVLO
10645;7114100;7115203;grande_vitesse;;périmètre Renfe : ALVIA, AVLO
10646;7114100;7115211;grande_vitesse;;périmètre Renfe : ALVIA, AVE, AVLO
10647;7114100;7115410;grande_vitesse;;périmètre Renfe : ALVIA, AVE, AVLO
10648;7114100;7116403;grande_vitesse;;périmètre Renfe : ALVIA
10649;7114100;7117000;grande_vitesse;;périmètre Renfe : ALVIA, AVE, AVLO, Intercity
10650;7114100;7120005;grande_vitesse;;périmètre Renfe : Intercity
10651;7114100;7120100;grande_vitesse;;périmètre Renfe : ALVIA, Intercity
10652;7114100;7120102;grande_vitesse;;périmètre Renfe : Intercity
10653;7114100;7120104;grande_vitesse;;périmètre Renfe : Intercity
10654;7114100;7120109;grande_vitesse;;périmètre Renfe : Intercity
10655;7114100;7120111;grande_vitesse;;périmètre Renfe : ALVIA, Intercity
10656;7114100;7120113;grande_vitesse;;périmètre Renfe : Intercity
10657;7114100;7120200;grande_vitesse;;périmètre Renfe : ALVIA, Intercity
10658;7114100;7120211;grande_vitesse;;périmètre Renfe : ALVIA
10659;7114100;7120213;grande_vitesse;;périmètre Renfe : ALVIA
10660;7114100;7120216;grande_vitesse;;périmètre Renfe : ALVIA
10661;7114100;7120300;grande_vitesse;;périmètre Renfe : ALVIA
10662;7114100;7122100;grande_vitesse;;périmètre Renfe : ALVIA
10663;7114100;7123004;grande_vitesse;;périmètre Renfe : ALVIA
10664;7114100;7123008;grande_vitesse;;périmètre Renfe : ALVIA
10665;7114100;7131400;grande_vitesse;;périmètre Renfe : ALVIA
10666;7114100;7160600;grande_vitesse;;périmètre Renfe : ALVIA, AVE
10667;7114100;7160911;grande_vitesse;;périmètre Renfe : ALVIA, AVE
10668;7114100;7171801;grande_vitesse;;périmètre Renfe : ALVIA
10669;7114100;7178400;grande_vitesse;;périmètre Renfe : ALVIA
10670;7114100;7180100;grande_vitesse;;périmètre Renfe : ALVIA
10671;7114100;7180108;grande_vitesse;;périmètre Renfe : ALVIA
10672;7114100;7181200;grande_vitesse;;périmètre Renfe : ALVIA
10673;7114100;7181202;grande_vitesse;;périmètre Renfe : ALVIA
10674;7114114;7114202;grande_vitesse;;périmètre Renfe : ALVIA
10675;7114114;7114213;grande_vitesse;;périmètre Renfe : ALVIA
10676;7114114;7114223;grande_vitesse;;périmètre Renfe : ALVIA
10677;7114114;7117000;grande_vitesse;;périmètre Renfe : ALVIA
10678;7114114;7160600;grande_vitesse;;périmètre Renfe : ALVIA
10679;7114114;7160911;grande_vitesse;;périmètre Renfe : ALVIA
10680;7114202;7117000;grande_vitesse;;périmètre Renfe : ALVIA, Intercity
10681;7114202;7160600;grande_vitesse;;périmètre Renfe : ALVIA
10682;7114202;7160911;grande_vitesse;;périmètre Renfe : ALVIA
10683;7114213;7117000;grande_vitesse;;périmètre Renfe : ALVIA, Intercity
10684;7114213;7160600;grande_vitesse;;périmètre Renfe : ALVIA
10685;7114213;7160911;grande_vitesse;;périmètre Renfe : ALVIA
10686;7114223;7117000;grande_vitesse;;périmètre Renfe : ALVIA, Intercity
10687;7114223;7160600;grande_vitesse;;périmètre Renfe : ALVIA
10688;7114223;7160911;grande_vitesse;;périmètre Renfe : ALVIA
10689;7115100;7115122;grande_vitesse;;périmètre Renfe : ALVIA, AVLO
10690;7115100;7115203;grande_vitesse;;périmètre Renfe : ALVIA, AVE, AVLO
10691;7115100;7115211;grande_vitesse;;périmètre Renfe : ALVIA, AVE, AVLO
10692;7115100;7115410;grande_vitesse;;périmètre Renfe : ALVIA, AVE, AVLO
10693;7115100;7116403;grande_vitesse;;périmètre Renfe : ALVIA
10694;7115100;7117000;grande_vitesse;;périmètre Renfe : ALVIA, AVE, AVLO, Intercity
10695;7115100;7120005;grande_vitesse;;périmètre Renfe : Intercity
10696;7115100;7120100;grande_vitesse;;périmètre Renfe : ALVIA, Intercity
10697;7115100;7120102;grande_vitesse;;périmètre Renfe : Intercity
10698;7115100;7120104;grande_vitesse;;périmètre Renfe : Intercity
10699;7115100;7120109;grande_vitesse;;périmètre Renfe : Intercity
10700;7115100;7120111;grande_vitesse;;périmètre Renfe : ALVIA, Intercity
10701;7115100;7120113;grande_vitesse;;périmètre Renfe : Intercity
10702;7115100;7120200;grande_vitesse;;périmètre Renfe : ALVIA, Intercity
10703;7115100;7120211;grande_vitesse;;périmètre Renfe : ALVIA
10704;7115100;7120213;grande_vitesse;;périmètre Renfe : ALVIA
10705;7115100;7120216;grande_vitesse;;périmètre Renfe : ALVIA
10706;7115100;7120300;grande_vitesse;;périmètre Renfe : ALVIA
10707;7115100;7122100;grande_vitesse;;périmètre Renfe : ALVIA
10708;7115100;7123004;grande_vitesse;;périmètre Renfe : ALVIA
10709;7115100;7123008;grande_vitesse;;périmètre Renfe : ALVIA
10710;7115100;7131400;grande_vitesse;;périmètre Renfe : ALVIA
10711;7115100;7160600;grande_vitesse;;périmètre Renfe : ALVIA, AVE
10712;7115100;7160911;grande_vitesse;;périmètre Renfe : ALVIA, AVE
10713;7115100;7171801;grande_vitesse;;périmètre Renfe : ALVIA
10714;7115100;7178400;grande_vitesse;;périmètre Renfe : ALVIA
10715;7115100;7180100;grande_vitesse;;périmètre Renfe : ALVIA
10716;7115100;7180108;grande_vitesse;;périmètre Renfe : ALVIA
10717;7115100;7181200;grande_vitesse;;périmètre Renfe : ALVIA
10718;7115100;7181202;grande_vitesse;;périmètre Renfe : ALVIA
10719;7115122;7115203;grande_vitesse;;périmètre Renfe : ALVIA
10720;7115122;7115211;grande_vitesse;;périmètre Renfe : ALVIA
10721;7115122;7115410;grande_vitesse;;périmètre Renfe : ALVIA
10722;7115122;7117000;grande_vitesse;;périmètre Renfe : ALVIA, AVLO
10723;7115122;7160600;grande_vitesse;;périmètre Renfe : ALVIA
10724;7115122;7160911;grande_vitesse;;périmètre Renfe : ALVIA
10725;7115203;7115211;grande_vitesse;;périmètre Renfe : ALVIA
10726;7115203;7115410;grande_vitesse;;périmètre Renfe : ALVIA
10727;7115203;7117000;grande_vitesse;;périmètre Renfe : ALVIA, AVE, AVLO
10728;7115203;7160600;grande_vitesse;;périmètre Renfe : ALVIA
10729;7115203;7160911;grande_vitesse;;périmètre Renfe : ALVIA
10730;7115211;7115410;grande_vitesse;;périmètre Renfe : ALVIA
10731;7115211;7117000;grande_vitesse;;périmètre Renfe : ALVIA, AVE, AVLO
10732;7115211;7160600;grande_vitesse;;périmètre Renfe : ALVIA
10733;7115211;7160911;grande_vitesse;;périmètre Renfe : ALVIA
10734;7115410;7117000;grande_vitesse;;périmètre Renfe : ALVIA, AVE, AVLO
10735;7115410;7160600;grande_vitesse;;périmètre Renfe : ALVIA
10736;7115410;7160911;grande_vitesse;;périmètre Renfe : ALVIA
10737;7116403;7117000;grande_vitesse;;périmètre Renfe : ALVIA
10738;7117000;7120005;grande_vitesse;;périmètre Renfe : Intercity
10739;7117000;7120100;grande_vitesse;;périmètre Renfe : Intercity
10740;7117000;7120102;grande_vitesse;;périmètre Renfe : Intercity
10741;7117000;7120104;grande_vitesse;;périmètre Renfe : Intercity
10742;7117000;7120109;grande_vitesse;;périmètre Renfe : Intercity
10743;7117000;7120111;grande_vitesse;;périmètre Renfe : Intercity
10744;7117000;7120113;grande_vitesse;;périmètre Renfe : Intercity
10745;7117000;7120200;grande_vitesse;;périmètre Renfe : Intercity
10746;7117000;7120300;grande_vitesse;;périmètre Renfe : ALVIA
10747;7117000;7120305;grande_vitesse;;périmètre Renfe : ALVIA
10748;7117000;7120309;grande_vitesse;;périmètre Renfe : ALVIA
10749;7117000;7122100;grande_vitesse;;périmètre Renfe : ALVIA, AVE, AVLO
10750;7117000;7123004;grande_vitesse;;périmètre Renfe : AVE, AVLO
10751;7117000;7123008;grande_vitesse;;périmètre Renfe : AVE, AVLO
10752;7117000;7130000;grande_vitesse;;périmètre Renfe : ALVIA
10753;7117000;7130002;grande_vitesse;;périmètre Renfe : ALVIA
10754;7117000;7130100;grande_vitesse;;périmètre Renfe : ALVIA
10755;7117000;7130200;grande_vitesse;;périmètre Renfe : ALVIA, AVE, AVLO
10756;7117000;7131400;grande_vitesse;;périmètre Renfe : AVE, AVLO
10757;7117000;7131412;grande_vitesse;;périmètre Renfe : AVE, AVLO
10758;7117000;7135105;grande_vitesse;;périmètre Renfe : ALVIA
10759;7117000;7135200;grande_vitesse;;périmètre Renfe : ALVIA
10760;7117000;7135203;grande_vitesse;;périmètre Renfe : ALVIA
10761;7117000;7135206;grande_vitesse;;périmètre Renfe : ALVIA
10762;7117000;7135400;grande_vitesse;;périmètre Renfe : ALVIA
10763;7117000;7137500;grande_vitesse;;périmètre Renfe : ALVIA
10764;7117000;7137603;grande_vitesse;;périmètre Renfe : ALVIA
10765;7117000;7137606;grande_vitesse;;périmètre Renfe : ALVIA
10766;7117000;7160600;grande_vitesse;;périmètre Renfe : ALVIA, AVE, AVLO
10767;7117000;7160911;grande_vitesse;;périmètre Renfe : ALVIA, AVE, AVLO
10768;7117000;7161200;grande_vitesse;;périmètre Renfe : AVE, AVLO
10769;7117000;7162002;grande_vitesse;;périmètre Renfe : AVE, AVLO
10770;7117000;7181002;grande_vitesse;;périmètre Renfe : Intercity
10771;7117000;7181100;grande_vitesse;;périmètre Renfe : Intercity
10772;7118000;7130000;grande_vitesse;;périmètre Renfe : ALVIA
10773;7118000;7130002;grande_vitesse;;périmètre Renfe : ALVIA
10774;7118000;7135105;grande_vitesse;;périmètre Renfe : ALVIA
10775;7118000;7135200;grande_vitesse;;périmètre Renfe : ALVIA
10776;7118000;7135203;grande_vitesse;;périmètre Renfe : ALVIA
10777;7118000;7135206;grande_vitesse;;périmètre Renfe : ALVIA
10778;7118000;7135400;grande_vitesse;;périmètre Renfe : ALVIA
10779;7118000;7137500;grande_vitesse;;périmètre Renfe : ALVIA
10780;7118000;7137603;grande_vitesse;;périmètre Renfe : ALVIA
10781;7118000;7137606;grande_vitesse;;périmètre Renfe : ALVIA
10782;7120005;7120100;grande_vitesse;;périmètre Renfe : Intercity
10783;7120005;7120102;grande_vitesse;;périmètre Renfe : Intercity
10784;7120005;7120104;grande_vitesse;;périmètre Renfe : Intercity
10785;7120005;7120109;grande_vitesse;;périmètre Renfe : Intercity
10786;7120005;7120111;grande_vitesse;;périmètre Renfe : Intercity
10787;7120005;7120113;grande_vitesse;;périmètre Renfe : Intercity
10788;7120005;7120200;grande_vitesse;;périmètre Renfe : Intercity
10789;7120100;7120102;grande_vitesse;;périmètre Renfe : Intercity
10790;7120100;7120104;grande_vitesse;;périmètre Renfe : Intercity
10791;7120100;7120109;grande_vitesse;;périmètre Renfe : Intercity
10792;7120100;7120111;grande_vitesse;;périmètre Renfe : ALVIA, Intercity
10793;7120100;7120113;grande_vitesse;;périmètre Renfe : Intercity
10794;7120100;7120200;grande_vitesse;;périmètre Renfe : ALVIA, Intercity
10795;7120100;7120211;grande_vitesse;;périmètre Renfe : ALVIA
10796;7120100;7120213;grande_vitesse;;périmètre Renfe : ALVIA
10797;7120100;7120216;grande_vitesse;;périmètre Renfe : ALVIA
10798;7120100;7120300;grande_vitesse;;périmètre Renfe : ALVIA
10799;7120100;7122100;grande_vitesse;;périmètre Renfe : ALVIA
10800;7120100;7123004;grande_vitesse;;périmètre Renfe : ALVIA
10801;7120100;7123008;grande_vitesse;;périmètre Renfe : ALVIA
10802;7120100;7131400;grande_vitesse;;périmètre Renfe : ALVIA
10803;7120100;7171801;grande_vitesse;;périmètre Renfe : ALVIA
10804;7120100;7178400;grande_vitesse;;périmètre Renfe : ALVIA
10805;7120100;7180100;grande_vitesse;;périmètre Renfe : ALVIA
10806;7120100;7180108;grande_vitesse;;périmètre Renfe : ALVIA
10807;7120100;7181200;grande_vitesse;;périmètre Renfe : ALVIA
10808;7120100;7181202;grande_vitesse;;périmètre Renfe : ALVIA
10809;7120102;7120104;grande_vitesse;;périmètre Renfe : Intercity
10810;7120102;7120109;grande_vitesse;;périmètre Renfe : Intercity
10811;7120102;7120111;grande_vitesse;;périmètre Renfe : Intercity
10812;7120102;7120113;grande_vitesse;;périmètre Renfe : Intercity
10813;7120102;7120200;grande_vitesse;;périmètre Renfe : Intercity
10814;7120104;7120109;grande_vitesse;;périmètre Renfe : Intercity
10815;7120104;7120111;grande_vitesse;;périmètre Renfe : Intercity
10816;7120104;7120113;grande_vitesse;;périmètre Renfe : Intercity
10817;7120104;7120200;grande_vitesse;;périmètre Renfe : Intercity
10818;7120109;7120111;grande_vitesse;;périmètre Renfe : Intercity
10819;7120109;7120113;grande_vitesse;;périmètre Renfe : Intercity
10820;7120109;7120200;grande_vitesse;;périmètre Renfe : Intercity
10821;7120111;7120113;grande_vitesse;;périmètre Renfe : Intercity
10822;7120111;7120200;grande_vitesse;;périmètre Renfe : ALVIA, Intercity
10823;7120111;7120211;grande_vitesse;;périmètre Renfe : ALVIA
10824;7120111;7120213;grande_vitesse;;périmètre Renfe : ALVIA
10825;7120111;7120216;grande_vitesse;;périmètre Renfe : ALVIA
10826;7120111;7120300;grande_vitesse;;périmètre Renfe : ALVIA
10827;7120111;7122100;grande_vitesse;;périmètre Renfe : ALVIA
10828;7120111;7123004;grande_vitesse;;périmètre Renfe : ALVIA
10829;7120111;7123008;grande_vitesse;;périmètre Renfe : ALVIA
10830;7120111;7131400;grande_vitesse;;périmètre Renfe : ALVIA
10831;7120111;7171801;grande_vitesse;;périmètre Renfe : ALVIA
10832;7120111;7178400;grande_vitesse;;périmètre Renfe : ALVIA
10833;7120111;7180100;grande_vitesse;;périmètre Renfe : ALVIA
10834;7120111;7180108;grande_vitesse;;périmètre Renfe : ALVIA
10835;7120111;7181200;grande_vitesse;;périmètre Renfe : ALVIA
10836;7120111;7181202;grande_vitesse;;périmètre Renfe : ALVIA
10837;7120113;7120200;grande_vitesse;;périmètre Renfe : Intercity
10838;7120200;7120211;grande_vitesse;;périmètre Renfe : ALVIA
10839;7120200;7120213;grande_vitesse;;périmètre Renfe : ALVIA
10840;7120200;7120216;grande_vitesse;;périmètre Renfe : ALVIA
10841;7120200;7120300;grande_vitesse;;périmètre Renfe : ALVIA
10842;7120200;7122100;grande_vitesse;;périmètre Renfe : ALVIA
10843;7120200;7123004;grande_vitesse;;périmètre Renfe : ALVIA
10844;7120200;7123008;grande_vitesse;;périmètre Renfe : ALVIA
10845;7120200;7131400;grande_vitesse;;périmètre Renfe : ALVIA
10846;7120200;7171801;grande_vitesse;;périmètre Renfe : ALVIA
10847;7120200;7178400;grande_vitesse;;périmètre Renfe : ALVIA
10848;7120200;7180100;grande_vitesse;;périmètre Renfe : ALVIA
10849;7120200;7180108;grande_vitesse;;périmètre Renfe : ALVIA
10850;7120200;7181200;grande_vitesse;;périmètre Renfe : ALVIA
10851;7120200;7181202;grande_vitesse;;périmètre Renfe : ALVIA
10852;7120211;7120213;grande_vitesse;;périmètre Renfe : ALVIA
10853;7120211;7120216;grande_vitesse;;périmètre Renfe : ALVIA
10854;7120211;7120300;grande_vitesse;;périmètre Renfe : ALVIA
10855;7120211;7122100;grande_vitesse;;périmètre Renfe : ALVIA
10856;7120211;7123004;grande_vitesse;;périmètre Renfe : ALVIA
10857;7120211;7123008;grande_vitesse;;périmètre Renfe : ALVIA
10858;7120211;7131400;grande_vitesse;;périmètre Renfe : ALVIA
10859;7120211;7171801;grande_vitesse;;périmètre Renfe : ALVIA
10860;7120211;7178400;grande_vitesse;;périmètre Renfe : ALVIA
10861;7120211;7180100;grande_vitesse;;périmètre Renfe : ALVIA
10862;7120211;7180108;grande_vitesse;;périmètre Renfe : ALVIA
10863;7120211;7181200;grande_vitesse;;périmètre Renfe : ALVIA
10864;7120211;7181202;grande_vitesse;;périmètre Renfe : ALVIA
10865;7120213;7120216;grande_vitesse;;périmètre Renfe : ALVIA
10866;7120213;7120300;grande_vitesse;;périmètre Renfe : ALVIA
10867;7120213;7122100;grande_vitesse;;périmètre Renfe : ALVIA
10868;7120213;7123004;grande_vitesse;;périmètre Renfe : ALVIA
10869;7120213;7123008;grande_vitesse;;périmètre Renfe : ALVIA
10870;7120213;7131400;grande_vitesse;;périmètre Renfe : ALVIA
10871;7120213;7171801;grande_vitesse;;périmètre Renfe : ALVIA
10872;7120213;7178400;grande_vitesse;;périmètre Renfe : ALVIA
10873;7120213;7180100;grande_vitesse;;périmètre Renfe : ALVIA
10874;7120213;7180108;grande_vitesse;;périmètre Renfe : ALVIA
10875;7120213;7181200;grande_vitesse;;périmètre Renfe : ALVIA
10876;7120213;7181202;grande_vitesse;;périmètre Renfe : ALVIA
10877;7120216;7120300;grande_vitesse;;périmètre Renfe : ALVIA
10878;7120216;7122100;grande_vitesse;;périmètre Renfe : ALVIA
10879;7120216;7123004;grande_vitesse;;périmètre Renfe : ALVIA
10880;7120216;7123008;grande_vitesse;;périmètre Renfe : ALVIA
10881;7120216;7131400;grande_vitesse;;périmètre Renfe : ALVIA
10882;7120216;7171801;grande_vitesse;;périmètre Renfe : ALVIA
10883;7120216;7178400;grande_vitesse;;périmètre Renfe : ALVIA
10884;7120216;7180100;grande_vitesse;;périmètre Renfe : ALVIA
10885;7120216;7180108;grande_vitesse;;périmètre Renfe : ALVIA
10886;7120216;7181200;grande_vitesse;;périmètre Renfe : ALVIA
10887;7120216;7181202;grande_vitesse;;périmètre Renfe : ALVIA
10888;7120300;7120305;grande_vitesse;;périmètre Renfe : ALVIA, Intercity
10889;7120300;7120309;grande_vitesse;;périmètre Renfe : ALVIA, Intercity
10890;7120300;7122100;grande_vitesse;;périmètre Renfe : ALVIA, Intercity
10891;7120300;7123004;grande_vitesse;;périmètre Renfe : ALVIA
10892;7120300;7123008;grande_vitesse;;périmètre Renfe : ALVIA
10893;7120300;7130200;grande_vitesse;;périmètre Renfe : ALVIA
10894;7120300;7131400;grande_vitesse;;périmètre Renfe : ALVIA
10895;7120300;7171801;grande_vitesse;;périmètre Renfe : ALVIA
10896;7120300;7178400;grande_vitesse;;périmètre Renfe : ALVIA
10897;7120300;7180100;grande_vitesse;;périmètre Renfe : ALVIA
10898;7120300;7180108;grande_vitesse;;périmètre Renfe : ALVIA
10899;7120300;7181200;grande_vitesse;;périmètre Renfe : ALVIA
10900;7120300;7181202;grande_vitesse;;périmètre Renfe : ALVIA
10901;7120305;7120309;grande_vitesse;;périmètre Renfe : ALVIA, Intercity
10902;7120305;7122100;grande_vitesse;;périmètre Renfe : ALVIA, Intercity
10903;7120305;7130200;grande_vitesse;;périmètre Renfe : ALVIA
10904;7120309;7122100;grande_vitesse;;périmètre Renfe : ALVIA, Intercity
10905;7120309;7130200;grande_vitesse;;périmètre Renfe : ALVIA
10906;7122100;7123004;grande_vitesse;;périmètre Renfe : ALVIA, AVE, AVLO
10907;7122100;7123008;grande_vitesse;;périmètre Renfe : ALVIA, AVE, AVLO
10908;7122100;7130200;grande_vitesse;;périmètre Renfe : ALVIA, AVE, AVLO
10909;7122100;7131400;grande_vitesse;;périmètre Renfe : ALVIA, AVANT, AVE, AVLO
10910;7122100;7131412;grande_vitesse;;périmètre Renfe : AVANT, AVE, AVLO
10911;7122100;7160600;grande_vitesse;;périmètre Renfe : AVE
10912;7122100;7160911;grande_vitesse;;périmètre Renfe : AVE
10913;7122100;7171801;grande_vitesse;;périmètre Renfe : ALVIA
10914;7122100;7178400;grande_vitesse;;périmètre Renfe : ALVIA
10915;7122100;7180100;grande_vitesse;;périmètre Renfe : ALVIA
10916;7122100;7180108;grande_vitesse;;périmètre Renfe : ALVIA
10917;7122100;7181200;grande_vitesse;;périmètre Renfe : ALVIA
10918;7122100;7181202;grande_vitesse;;périmètre Renfe : ALVIA
10919;7122100;7199143;grande_vitesse;;périmètre Renfe : AVANT
10920;7123004;7123008;grande_vitesse;;périmètre Renfe : ALVIA, AVE, AVLO
10921;7123004;7130200;grande_vitesse;;périmètre Renfe : AVE, AVLO
10922;7123004;7131400;grande_vitesse;;périmètre Renfe : ALVIA, AVE, AVLO
10923;7123004;7171801;grande_vitesse;;périmètre Renfe : ALVIA
10924;7123004;7178400;grande_vitesse;;périmètre Renfe : ALVIA
10925;7123004;7180100;grande_vitesse;;périmètre Renfe : ALVIA
10926;7123004;7180108;grande_vitesse;;périmètre Renfe : ALVIA
10927;7123004;7181200;grande_vitesse;;périmètre Renfe : ALVIA
10928;7123004;7181202;grande_vitesse;;périmètre Renfe : ALVIA
10929;7123008;7130200;grande_vitesse;;périmètre Renfe : AVE, AVLO
10930;7123008;7131400;grande_vitesse;;périmètre Renfe : ALVIA, AVE, AVLO
10931;7123008;7171801;grande_vitesse;;périmètre Renfe : ALVIA
10932;7123008;7178400;grande_vitesse;;périmètre Renfe : ALVIA
10933;7123008;7180100;grande_vitesse;;périmètre Renfe : ALVIA
10934;7123008;7180108;grande_vitesse;;périmètre Renfe : ALVIA
10935;7123008;7181200;grande_vitesse;;périmètre Renfe : ALVIA
10936;7123008;7181202;grande_vitesse;;périmètre Renfe : ALVIA
10937;7130000;7135001;grande_vitesse;;périmètre Renfe : ALVIA
10938;7130000;7135105;grande_vitesse;;périmètre Renfe : ALVIA
10939;7130000;7135200;grande_vitesse;;périmètre Renfe : ALVIA
10940;7130000;7135203;grande_vitesse;;périmètre Renfe : ALVIA
10941;7130000;7135206;grande_vitesse;;périmètre Renfe : ALVIA
10942;7130000;7135400;grande_vitesse;;périmètre Renfe : ALVIA
10943;7130000;7137500;grande_vitesse;;périmètre Renfe : ALVIA
10944;7130000;7137603;grande_vitesse;;périmètre Renfe : ALVIA
10945;7130000;7137606;grande_vitesse;;périmètre Renfe : ALVIA
10946;7130002;7135001;grande_vitesse;;périmètre Renfe : ALVIA
10947;7130002;7135200;grande_vitesse;;périmètre Renfe : ALVIA
10948;7130002;7135206;grande_vitesse;;périmètre Renfe : ALVIA
10949;7130002;7135400;grande_vitesse;;périmètre Renfe : ALVIA
10950;7130002;7137606;grande_vitesse;;périmètre Renfe : ALVIA
10951;7130100;7132002;grande_vitesse;;périmètre Renfe : Intercity
10952;7130100;7132003;grande_vitesse;;périmètre Renfe : Intercity
10953;7130100;7132004;grande_vitesse;;périmètre Renfe : Intercity
10954;7130100;7180100;grande_vitesse;;périmètre Renfe : Intercity
10955;7130200;7131400;grande_vitesse;;périmètre Renfe : AVE, AVLO
10956;7130200;7131412;grande_vitesse;;périmètre Renfe : AVE, AVLO
10957;7130200;7160600;grande_vitesse;;périmètre Renfe : AVE
10958;7130200;7160911;grande_vitesse;;périmètre Renfe : AVE
10959;7131400;7131412;grande_vitesse;;périmètre Renfe : AVANT, AVE, AVLO
10960;7131400;7171801;grande_vitesse;;périmètre Renfe : ALVIA
10961;7131400;7178400;grande_vitesse;;périmètre Renfe : ALVIA
10962;7131400;7180100;grande_vitesse;;périmètre Renfe : ALVIA
10963;7131400;7180108;grande_vitesse;;périmètre Renfe : ALVIA
10964;7131400;7181200;grande_vitesse;;périmètre Renfe : ALVIA
10965;7131400;7181202;grande_vitesse;;périmètre Renfe : ALVIA
10966;7131400;7199143;grande_vitesse;;périmètre Renfe : AVANT
10967;7132002;7132003;grande_vitesse;;périmètre Renfe : Intercity
10968;7132002;7132004;grande_vitesse;;périmètre Renfe : Intercity
10969;7132002;7180100;grande_vitesse;;périmètre Renfe : Intercity
10970;7132003;7132004;grande_vitesse;;périmètre Renfe : Intercity
10971;7132003;7180100;grande_vitesse;;périmètre Renfe : Intercity
10972;7132004;7180100;grande_vitesse;;périmètre Renfe : Intercity
10973;7135001;7135105;grande_vitesse;;périmètre Renfe : ALVIA
10974;7135001;7135200;grande_vitesse;;périmètre Renfe : ALVIA
10975;7135001;7135203;grande_vitesse;;périmètre Renfe : ALVIA
10976;7135001;7135206;grande_vitesse;;périmètre Renfe : ALVIA
10977;7135001;7135400;grande_vitesse;;périmètre Renfe : ALVIA
10978;7135001;7137500;grande_vitesse;;périmètre Renfe : ALVIA
10979;7135001;7137603;grande_vitesse;;périmètre Renfe : ALVIA
10980;7135001;7137606;grande_vitesse;;périmètre Renfe : ALVIA
10981;7135105;7135200;grande_vitesse;;périmètre Renfe : ALVIA
10982;7135105;7135203;grande_vitesse;;périmètre Renfe : ALVIA
10983;7135105;7135206;grande_vitesse;;périmètre Renfe : ALVIA
10984;7135105;7135400;grande_vitesse;;périmètre Renfe : ALVIA
10985;7135105;7137500;grande_vitesse;;périmètre Renfe : ALVIA
10986;7135105;7137603;grande_vitesse;;périmètre Renfe : ALVIA
10987;7135105;7137606;grande_vitesse;;périmètre Renfe : ALVIA
10988;7135200;7135203;grande_vitesse;;périmètre Renfe : ALVIA
10989;7135200;7135206;grande_vitesse;;périmètre Renfe : ALVIA
10990;7135200;7135400;grande_vitesse;;périmètre Renfe : ALVIA
10991;7135200;7137500;grande_vitesse;;périmètre Renfe : ALVIA
10992;7135200;7137603;grande_vitesse;;périmètre Renfe : ALVIA
10993;7135200;7137606;grande_vitesse;;périmètre Renfe : ALVIA
10994;7135203;7135206;grande_vitesse;;périmètre Renfe : ALVIA
10995;7135203;7135400;grande_vitesse;;périmètre Renfe : ALVIA
10996;7135203;7137500;grande_vitesse;;périmètre Renfe : ALVIA
10997;7135203;7137603;grande_vitesse;;périmètre Renfe : ALVIA
10998;7135203;7137606;grande_vitesse;;périmètre Renfe : ALVIA
10999;7135206;7135400;grande_vitesse;;périmètre Renfe : ALVIA
11000;7135206;7137500;grande_vitesse;;périmètre Renfe : ALVIA
11001;7135206;7137603;grande_vitesse;;périmètre Renfe : ALVIA
11002;7135206;7137606;grande_vitesse;;périmètre Renfe : ALVIA
11003;7135400;7137500;grande_vitesse;;périmètre Renfe : ALVIA
11004;7135400;7137603;grande_vitesse;;périmètre Renfe : ALVIA
11005;7135400;7137606;grande_vitesse;;périmètre Renfe : ALVIA
11006;7137200;7137300;grande_vitesse;;périmètre Renfe : ALVIA, AVANT, AVE, AVLO
11007;7137200;7137704;grande_vitesse;;périmètre Renfe : AVE, AVLO
11008;7137200;7150500;grande_vitesse;;périmètre Renfe : ALVIA, AVE, AVLO
11009;7137200;7151003;grande_vitesse;;périmètre Renfe : ALVIA, AVE, AVLO
11010;7137200;7151300;grande_vitesse;;périmètre Renfe : ALVIA
11011;7137200;7151400;grande_vitesse;;périmètre Renfe : ALVIA
11012;7137200;7151405;grande_vitesse;;périmètre Renfe : ALVIA
11013;7137200;7151406;grande_vitesse;;périmètre Renfe : ALVIA
11014;7137200;7154413;grande_vitesse;;périmètre Renfe : AVE, AVLO
11015;7137200;7160000;grande_vitesse;;périmètre Renfe : ALVIA, AVANT, AVE, AVLO
11016;7137200;7171801;grande_vitesse;;périmètre Renfe : AVE
11017;7137200;7178400;grande_vitesse;;périmètre Renfe : AVE
11018;7137300;7137704;grande_vitesse;;périmètre Renfe : AVE, AVLO
11019;7137300;7150500;grande_vitesse;;périmètre Renfe : ALVIA, AVE, AVLO
11020;7137300;7151003;grande_vitesse;;périmètre Renfe : ALVIA, AVE, AVLO
11021;7137300;7151300;grande_vitesse;;périmètre Renfe : ALVIA
11022;7137300;7151400;grande_vitesse;;périmètre Renfe : ALVIA
11023;7137300;7151405;grande_vitesse;;périmètre Renfe : ALVIA
11024;7137300;7151406;grande_vitesse;;périmètre Renfe : ALVIA
11025;7137300;7154413;grande_vitesse;;périmètre Renfe : AVE, AVLO
11026;7137300;7160000;grande_vitesse;;périmètre Renfe : ALVIA, AVANT, AVE, AVLO
11027;7137300;7171801;grande_vitesse;;périmètre Renfe : AVE
11028;7137300;7178400;grande_vitesse;;périmètre Renfe : AVE
11029;7137500;7137603;grande_vitesse;;périmètre Renfe : ALVIA
11030;7137500;7137606;grande_vitesse;;périmètre Renfe : ALVIA
11031;7137603;7137606;grande_vitesse;;périmètre Renfe : ALVIA
11032;7137704;7150500;grande_vitesse;;périmètre Renfe : AVE, AVLO
11033;7137704;7151003;grande_vitesse;;périmètre Renfe : AVLO
11034;7137704;7154413;grande_vitesse;;périmètre Renfe : AVE, AVLO
11035;7137704;7160000;grande_vitesse;;périmètre Renfe : AVE, AVLO
11036;7143011;7143019;grande_vitesse;;périmètre Renfe : ALVIA, Intercity
11037;7143011;7150500;grande_vitesse;;périmètre Renfe : ALVIA, Intercity
11038;7143011;7151003;grande_vitesse;;périmètre Renfe : Intercity
11039;7143011;7160000;grande_vitesse;;périmètre Renfe : ALVIA, Intercity
11040;7143019;7150500;grande_vitesse;;périmètre Renfe : ALVIA, Intercity
11041;7143019;7151003;grande_vitesse;;périmètre Renfe : Intercity
11042;7143019;7160000;grande_vitesse;;périmètre Renfe : ALVIA, Intercity
11043;7150100;7150102;grande_vitesse;;périmètre Renfe : ALVIA
11044;7150100;7150207;grande_vitesse;;périmètre Renfe : ALVIA
11045;7150100;7150300;grande_vitesse;;périmètre Renfe : ALVIA
11046;7150100;7150500;grande_vitesse;;périmètre Renfe : ALVIA
11047;7150100;7160400;grande_vitesse;;périmètre Renfe : ALVIA
11048;7150100;7160406;grande_vitesse;;périmètre Renfe : ALVIA
11049;7150100;7160500;grande_vitesse;;périmètre Renfe : ALVIA
11050;7150100;7160600;grande_vitesse;;périmètre Renfe : ALVIA
11051;7150100;7164100;grande_vitesse;;périmètre Renfe : ALVIA
11052;7150100;7165000;grande_vitesse;;périmètre Renfe : ALVIA
11053;7150100;7165300;grande_vitesse;;périmètre Renfe : ALVIA
11054;7150100;7165311;grande_vitesse;;périmètre Renfe : ALVIA
11055;7150100;7165312;grande_vitesse;;périmètre Renfe : ALVIA
11056;7150100;7165402;grande_vitesse;;périmètre Renfe : ALVIA
11057;7150100;7165422;grande_vitesse;;périmètre Renfe : ALVIA
11058;7150100;7171801;grande_vitesse;;périmètre Renfe : ALVIA
11059;7150102;7150207;grande_vitesse;;périmètre Renfe : ALVIA
11060;7150102;7150300;grande_vitesse;;périmètre Renfe : ALVIA
11061;7150102;7150500;grande_vitesse;;périmètre Renfe : ALVIA
11062;7150102;7160400;grande_vitesse;;périmètre Renfe : ALVIA
11063;7150102;7160406;grande_vitesse;;périmètre Renfe : ALVIA
11064;7150102;7160500;grande_vitesse;;périmètre Renfe : ALVIA
11065;7150102;7160600;grande_vitesse;;périmètre Renfe : ALVIA
11066;7150102;7164100;grande_vitesse;;périmètre Renfe : ALVIA
11067;7150102;7165000;grande_vitesse;;périmètre Renfe : ALVIA
11068;7150102;7165300;grande_vitesse;;périmètre Renfe : ALVIA
11069;7150102;7165311;grande_vitesse;;périmètre Renfe : ALVIA
11070;7150102;7165312;grande_vitesse;;périmètre Renfe : ALVIA
11071;7150102;7165402;grande_vitesse;;périmètre Renfe : ALVIA
11072;7150102;7165422;grande_vitesse;;périmètre Renfe : ALVIA
11073;7150102;7171801;grande_vitesse;;périmètre Renfe : ALVIA
11074;7150207;7150300;grande_vitesse;;périmètre Renfe : ALVIA
11075;7150207;7150500;grande_vitesse;;périmètre Renfe : ALVIA
11076;7150207;7160400;grande_vitesse;;périmètre Renfe : ALVIA
11077;7150207;7160406;grande_vitesse;;périmètre Renfe : ALVIA
11078;7150207;7160500;grande_vitesse;;périmètre Renfe : ALVIA
11079;7150207;7160600;grande_vitesse;;périmètre Renfe : ALVIA
11080;7150207;7164100;grande_vitesse;;périmètre Renfe : ALVIA
11081;7150207;7165000;grande_vitesse;;périmètre Renfe : ALVIA
11082;7150207;7165300;grande_vitesse;;périmètre Renfe : ALVIA
11083;7150207;7165311;grande_vitesse;;périmètre Renfe : ALVIA
11084;7150207;7165312;grande_vitesse;;périmètre Renfe : ALVIA
11085;7150207;7165402;grande_vitesse;;périmètre Renfe : ALVIA
11086;7150207;7165422;grande_vitesse;;périmètre Renfe : ALVIA
11087;7150207;7171801;grande_vitesse;;périmètre Renfe : ALVIA
11088;7150300;7150500;grande_vitesse;;périmètre Renfe : ALVIA
11089;7150300;7160400;grande_vitesse;;périmètre Renfe : ALVIA
11090;7150300;7160406;grande_vitesse;;périmètre Renfe : ALVIA
11091;7150300;7160500;grande_vitesse;;périmètre Renfe : ALVIA
11092;7150300;7160600;grande_vitesse;;périmètre Renfe : ALVIA
11093;7150300;7164100;grande_vitesse;;périmètre Renfe : ALVIA
11094;7150300;7165000;grande_vitesse;;périmètre Renfe : ALVIA
11095;7150300;7165300;grande_vitesse;;périmètre Renfe : ALVIA
11096;7150300;7165311;grande_vitesse;;périmètre Renfe : ALVIA
11097;7150300;7165312;grande_vitesse;;périmètre Renfe : ALVIA
11098;7150300;7165402;grande_vitesse;;périmètre Renfe : ALVIA
11099;7150300;7165422;grande_vitesse;;périmètre Renfe : ALVIA
11100;7150300;7171801;grande_vitesse;;périmètre Renfe : ALVIA
11101;7150500;7151003;grande_vitesse;;périmètre Renfe : ALVIA, AVANT, AVE, AVLO, Intercity
11102;7150500;7151300;grande_vitesse;;périmètre Renfe : ALVIA
11103;7150500;7151400;grande_vitesse;;périmètre Renfe : ALVIA
11104;7150500;7151405;grande_vitesse;;périmètre Renfe : ALVIA
11105;7150500;7151406;grande_vitesse;;périmètre Renfe : ALVIA
11106;7150500;7154413;grande_vitesse;;périmètre Renfe : AVANT, AVE, AVLO
11107;7150500;7155007;grande_vitesse;;périmètre Renfe : ALVIA
11108;7150500;7155018;grande_vitesse;;périmètre Renfe : ALVIA
11109;7150500;7155020;grande_vitesse;;périmètre Renfe : ALVIA
11110;7150500;7156200;grande_vitesse;;périmètre Renfe : ALVIA
11111;7150500;7156310;grande_vitesse;;périmètre Renfe : ALVIA
11112;7150500;7156312;grande_vitesse;;périmètre Renfe : ALVIA
11113;7150500;7160000;grande_vitesse;;périmètre Renfe : ALVIA, AVE, AVLO, Intercity
11114;7150500;7160400;grande_vitesse;;périmètre Renfe : ALVIA
11115;7150500;7160406;grande_vitesse;;périmètre Renfe : ALVIA
11116;7150500;7160500;grande_vitesse;;périmètre Renfe : ALVIA
11117;7150500;7160600;grande_vitesse;;périmètre Renfe : ALVIA
11118;7150500;7164100;grande_vitesse;;périmètre Renfe : ALVIA
11119;7150500;7165000;grande_vitesse;;périmètre Renfe : ALVIA
11120;7150500;7165300;grande_vitesse;;périmètre Renfe : ALVIA
11121;7150500;7165311;grande_vitesse;;périmètre Renfe : ALVIA
11122;7150500;7165312;grande_vitesse;;périmètre Renfe : ALVIA
11123;7150500;7165402;grande_vitesse;;périmètre Renfe : ALVIA
11124;7150500;7165422;grande_vitesse;;périmètre Renfe : ALVIA
11125;7150500;7171801;grande_vitesse;;périmètre Renfe : ALVIA, AVE
11126;7150500;7178400;grande_vitesse;;périmètre Renfe : AVE
11127;7151003;7151300;grande_vitesse;;périmètre Renfe : ALVIA
11128;7151003;7151400;grande_vitesse;;périmètre Renfe : ALVIA
11129;7151003;7151405;grande_vitesse;;périmètre Renfe : ALVIA
11130;7151003;7151406;grande_vitesse;;périmètre Renfe : ALVIA
11131;7151003;7154413;grande_vitesse;;périmètre Renfe : AVANT
11132;7151003;7160000;grande_vitesse;;périmètre Renfe : ALVIA, AVE, AVLO, Intercity
11133;7151003;7171801;grande_vitesse;;périmètre Renfe : AVE
11134;7151003;7178400;grande_vitesse;;périmètre Renfe : AVE
11135;7151300;7151400;grande_vitesse;;périmètre Renfe : ALVIA
11136;7151300;7151405;grande_vitesse;;périmètre Renfe : ALVIA
11137;7151300;7151406;grande_vitesse;;périmètre Renfe : ALVIA
11138;7151300;7160000;grande_vitesse;;périmètre Renfe : ALVIA
11139;7151400;7151405;grande_vitesse;;périmètre Renfe : ALVIA
11140;7151400;7151406;grande_vitesse;;périmètre Renfe : ALVIA
11141;7151400;7160000;grande_vitesse;;périmètre Renfe : ALVIA
11142;7151405;7151406;grande_vitesse;;périmètre Renfe : ALVIA
11143;7151405;7160000;grande_vitesse;;périmètre Renfe : ALVIA
11144;7151406;7160000;grande_vitesse;;périmètre Renfe : ALVIA
11145;7154403;7154404;grande_vitesse;;périmètre Renfe : Intercity
11146;7154403;7154413;grande_vitesse;;périmètre Renfe : Intercity
11147;7154404;7154413;grande_vitesse;;périmètre Renfe : Intercity
11148;7154413;7160000;grande_vitesse;;périmètre Renfe : AVE, AVLO
11149;7154413;7171801;grande_vitesse;;périmètre Renfe : AVE
11150;7154413;7178400;grande_vitesse;;périmètre Renfe : AVE
11151;7155007;7160000;grande_vitesse;;périmètre Renfe : ALVIA
11152;7155018;7155020;grande_vitesse;;périmètre Renfe : ALVIA
11153;7155018;7160000;grande_vitesse;;périmètre Renfe : ALVIA
11154;7155020;7160000;grande_vitesse;;périmètre Renfe : ALVIA
11155;7156200;7156310;grande_vitesse;;périmètre Renfe : ALVIA
11156;7156200;7156312;grande_vitesse;;périmètre Renfe : ALVIA
11157;7156200;7160000;grande_vitesse;;périmètre Renfe : ALVIA
11158;7156310;7156312;grande_vitesse;;périmètre Renfe : ALVIA
11159;7156310;7160000;grande_vitesse;;périmètre Renfe : ALVIA
11160;7156312;7160000;grande_vitesse;;périmètre Renfe : ALVIA
11161;7160000;7160600;grande_vitesse;;périmètre Renfe : AVANT, AVE
11162;7160000;7160911;grande_vitesse;;périmètre Renfe : AVE
11163;7160000;7161200;grande_vitesse;;périmètre Renfe : AVE
11164;7160000;7162002;grande_vitesse;;périmètre Renfe : AVE
11165;7160000;7165300;grande_vitesse;;périmètre Renfe : AVE
11166;7160000;7170600;grande_vitesse;;périmètre Renfe : ALVIA, AVE
11167;7160000;7171801;grande_vitesse;;périmètre Renfe : AVE, AVE INT
11168;7160000;7174200;grande_vitesse;;périmètre Renfe : AVE
11169;7160000;7178200;grande_vitesse;;périmètre Renfe : AVE
11170;7160000;7178400;grande_vitesse;;périmètre Renfe : AVE
11171;7160000;7179300;grande_vitesse;;périmètre Renfe : AVE, AVE INT
11172;7160000;7180100;grande_vitesse;;périmètre Renfe : ALVIA, Intercity
11173;7160000;7180108;grande_vitesse;;périmètre Renfe : ALVIA, Intercity
11174;7160000;7181100;grande_vitesse;;périmètre Renfe : ALVIA
11175;7160000;7181108;grande_vitesse;;périmètre Renfe : ALVIA
11176;7160000;7181109;grande_vitesse;;périmètre Renfe : ALVIA
11177;7160000;7181110;grande_vitesse;;périmètre Renfe : ALVIA
11178;7160000;7181200;grande_vitesse;;périmètre Renfe : ALVIA
11179;7160000;7181202;grande_vitesse;;périmètre Renfe : ALVIA, Intercity
11180;7160000;7192102;grande_vitesse;;périmètre Renfe : AVANT
11181;7160400;7160406;grande_vitesse;;périmètre Renfe : ALVIA
11182;7160400;7160500;grande_vitesse;;périmètre Renfe : ALVIA
11183;7160400;7160600;grande_vitesse;;périmètre Renfe : ALVIA
11184;7160400;7164100;grande_vitesse;;périmètre Renfe : ALVIA
11185;7160400;7165000;grande_vitesse;;périmètre Renfe : ALVIA
11186;7160400;7165300;grande_vitesse;;périmètre Renfe : ALVIA
11187;7160400;7165311;grande_vitesse;;périmètre Renfe : ALVIA
11188;7160400;7165312;grande_vitesse;;périmètre Renfe : ALVIA
11189;7160400;7165402;grande_vitesse;;périmètre Renfe : ALVIA
11190;7160400;7165422;grande_vitesse;;périmètre Renfe : ALVIA
11191;7160400;7171801;grande_vitesse;;périmètre Renfe : ALVIA
11192;7160406;7160500;grande_vitesse;;périmètre Renfe : ALVIA
11193;7160406;7160600;grande_vitesse;;périmètre Renfe : ALVIA
11194;7160406;7164100;grande_vitesse;;périmètre Renfe : ALVIA
11195;7160406;7165000;grande_vitesse;;périmètre Renfe : ALVIA
11196;7160406;7165300;grande_vitesse;;périmètre Renfe : ALVIA
11197;7160406;7165311;grande_vitesse;;périmètre Renfe : ALVIA
11198;7160406;7165312;grande_vitesse;;périmètre Renfe : ALVIA
11199;7160406;7165402;grande_vitesse;;périmètre Renfe : ALVIA
11200;7160406;7165422;grande_vitesse;;périmètre Renfe : ALVIA
11201;7160406;7171801;grande_vitesse;;périmètre Renfe : ALVIA
11202;7160500;7160600;grande_vitesse;;périmètre Renfe : ALVIA
11203;7160500;7164100;grande_vitesse;;périmètre Renfe : ALVIA
11204;7160500;7165000;grande_vitesse;;périmètre Renfe : ALVIA
11205;7160500;7165300;grande_vitesse;;périmètre Renfe : ALVIA
11206;7160500;7165311;grande_vitesse;;périmètre Renfe : ALVIA
11207;7160500;7165312;grande_vitesse;;périmètre Renfe : ALVIA
11208;7160500;7165402;grande_vitesse;;périmètre Renfe : ALVIA
11209;7160500;7165422;grande_vitesse;;périmètre Renfe : ALVIA
11210;7160500;7171801;grande_vitesse;;périmètre Renfe : ALVIA
11211;7160600;7160911;grande_vitesse;;périmètre Renfe : ALVIA, AVE, AVLO
11212;7160600;7161005;grande_vitesse;;périmètre Renfe : Intercity
11213;7160600;7161012;grande_vitesse;;périmètre Renfe : Intercity
11214;7160600;7161015;grande_vitesse;;périmètre Renfe : Intercity
11215;7160600;7161200;grande_vitesse;;périmètre Renfe : AVE, AVLO, Intercity
11216;7160600;7161303;grande_vitesse;;périmètre Renfe : Intercity
11217;7160600;7161304;grande_vitesse;;périmètre Renfe : Intercity
11218;7160600;7161307;grande_vitesse;;périmètre Renfe : Intercity
11219;7160600;7162002;grande_vitesse;;périmètre Renfe : AVE, AVLO
11220;7160600;7164100;grande_vitesse;;périmètre Renfe : ALVIA
11221;7160600;7165000;grande_vitesse;;périmètre Renfe : ALVIA
11222;7160600;7165300;grande_vitesse;;périmètre Renfe : ALVIA
11223;7160600;7165311;grande_vitesse;;périmètre Renfe : ALVIA
11224;7160600;7165312;grande_vitesse;;périmètre Renfe : ALVIA
11225;7160600;7165402;grande_vitesse;;périmètre Renfe : ALVIA
11226;7160600;7165422;grande_vitesse;;périmètre Renfe : ALVIA
11227;7160600;7171801;grande_vitesse;;périmètre Renfe : ALVIA
11228;7160600;7192102;grande_vitesse;;périmètre Renfe : AVANT
11229;7160902;7160905;grande_vitesse;;périmètre Renfe : Intercity
11230;7160902;7160911;grande_vitesse;;périmètre Renfe : Intercity
11231;7160902;7161200;grande_vitesse;;périmètre Renfe : Intercity
11232;7160902;7161303;grande_vitesse;;périmètre Renfe : Intercity
11233;7160902;7161304;grande_vitesse;;périmètre Renfe : Intercity
11234;7160902;7161307;grande_vitesse;;périmètre Renfe : Intercity
11235;7160902;7162002;grande_vitesse;;périmètre Renfe : Intercity
11236;7160902;7162103;grande_vitesse;;périmètre Renfe : Intercity
11237;7160902;7164100;grande_vitesse;;périmètre Renfe : Intercity
11238;7160902;7165000;grande_vitesse;;périmètre Renfe : Intercity
11239;7160902;7165200;grande_vitesse;;périmètre Renfe : Intercity
11240;7160902;7165300;grande_vitesse;;périmètre Renfe : Intercity
11241;7160902;7165304;grande_vitesse;;périmètre Renfe : Intercity
11242;7160902;7165311;grande_vitesse;;périmètre Renfe : Intercity
11243;7160902;7165312;grande_vitesse;;périmètre Renfe : Intercity
11244;7160902;7165318;grande_vitesse;;périmètre Renfe : Intercity
11245;7160902;7165402;grande_vitesse;;périmètre Renfe : Intercity
11246;7160902;7165422;grande_vitesse;;périmètre Renfe : Intercity
11247;7160902;7171801;grande_vitesse;;périmètre Renfe : Intercity
11248;7160905;7160911;grande_vitesse;;périmètre Renfe : Intercity
11249;7160905;7161200;grande_vitesse;;périmètre Renfe : Intercity
11250;7160905;7161303;grande_vitesse;;périmètre Renfe : Intercity
11251;7160905;7161304;grande_vitesse;;périmètre Renfe : Intercity
11252;7160905;7161307;grande_vitesse;;périmètre Renfe : Intercity
11253;7160905;7162002;grande_vitesse;;périmètre Renfe : Intercity
11254;7160905;7162103;grande_vitesse;;périmètre Renfe : Intercity
11255;7160905;7164100;grande_vitesse;;périmètre Renfe : Intercity
11256;7160905;7165000;grande_vitesse;;périmètre Renfe : Intercity
11257;7160905;7165200;grande_vitesse;;périmètre Renfe : Intercity
11258;7160905;7165300;grande_vitesse;;périmètre Renfe : Intercity
11259;7160905;7165304;grande_vitesse;;périmètre Renfe : Intercity
11260;7160905;7165311;grande_vitesse;;périmètre Renfe : Intercity
11261;7160905;7165312;grande_vitesse;;périmètre Renfe : Intercity
11262;7160905;7165318;grande_vitesse;;périmètre Renfe : Intercity
11263;7160905;7165402;grande_vitesse;;périmètre Renfe : Intercity
11264;7160905;7165422;grande_vitesse;;périmètre Renfe : Intercity
11265;7160905;7171801;grande_vitesse;;périmètre Renfe : Intercity
11266;7160911;7161200;grande_vitesse;;périmètre Renfe : AVANT, AVE, AVLO, Intercity
11267;7160911;7161303;grande_vitesse;;périmètre Renfe : Intercity
11268;7160911;7161304;grande_vitesse;;périmètre Renfe : Intercity
11269;7160911;7161307;grande_vitesse;;périmètre Renfe : Intercity
11270;7160911;7162001;grande_vitesse;;périmètre Renfe : AVANT
11271;7160911;7162002;grande_vitesse;;périmètre Renfe : AVANT, AVE, AVLO, Intercity
11272;7160911;7162103;grande_vitesse;;périmètre Renfe : Intercity
11273;7160911;7164100;grande_vitesse;;périmètre Renfe : Intercity
11274;7160911;7165000;grande_vitesse;;périmètre Renfe : EUROMED, Intercity
11275;7160911;7165200;grande_vitesse;;périmètre Renfe : Intercity
11276;7160911;7165300;grande_vitesse;;périmètre Renfe : EUROMED, Intercity
11277;7160911;7165304;grande_vitesse;;périmètre Renfe : Intercity
11278;7160911;7165311;grande_vitesse;;périmètre Renfe : Intercity
11279;7160911;7165312;grande_vitesse;;périmètre Renfe : Intercity
11280;7160911;7165318;grande_vitesse;;périmètre Renfe : Intercity
11281;7160911;7165402;grande_vitesse;;périmètre Renfe : Intercity
11282;7160911;7165422;grande_vitesse;;périmètre Renfe : Intercity
11283;7160911;7171801;grande_vitesse;;périmètre Renfe : EUROMED, Intercity
11284;7160911;7179300;grande_vitesse;;périmètre Renfe : EUROMED
11285;7161005;7161012;grande_vitesse;;périmètre Renfe : Intercity
11286;7161005;7161015;grande_vitesse;;périmètre Renfe : Intercity
11287;7161005;7161200;grande_vitesse;;périmètre Renfe : Intercity
11288;7161005;7161303;grande_vitesse;;périmètre Renfe : Intercity
11289;7161005;7161304;grande_vitesse;;périmètre Renfe : Intercity
11290;7161005;7161307;grande_vitesse;;périmètre Renfe : Intercity
11291;7161012;7161015;grande_vitesse;;périmètre Renfe : Intercity
11292;7161012;7161200;grande_vitesse;;périmètre Renfe : Intercity
11293;7161012;7161303;grande_vitesse;;périmètre Renfe : Intercity
11294;7161012;7161304;grande_vitesse;;périmètre Renfe : Intercity
11295;7161012;7161307;grande_vitesse;;périmètre Renfe : Intercity
11296;7161015;7161200;grande_vitesse;;périmètre Renfe : Intercity
11297;7161015;7161303;grande_vitesse;;périmètre Renfe : Intercity
11298;7161015;7161304;grande_vitesse;;périmètre Renfe : Intercity
11299;7161015;7161307;grande_vitesse;;périmètre Renfe : Intercity
11300;7161200;7162001;grande_vitesse;;périmètre Renfe : AVANT
11301;7161200;7162002;grande_vitesse;;périmètre Renfe : AVANT, AVE, AVLO, Intercity
11302;7161200;7162103;grande_vitesse;;périmètre Renfe : Intercity
11303;7161200;7164100;grande_vitesse;;périmètre Renfe : Intercity
11304;7161200;7165000;grande_vitesse;;périmètre Renfe : Intercity
11305;7161303;7162002;grande_vitesse;;périmètre Renfe : Intercity
11306;7161303;7162103;grande_vitesse;;périmètre Renfe : Intercity
11307;7161303;7164100;grande_vitesse;;périmètre Renfe : Intercity
11308;7161303;7165000;grande_vitesse;;périmètre Renfe : Intercity
11309;7161304;7162002;grande_vitesse;;périmètre Renfe : Intercity
11310;7161304;7162103;grande_vitesse;;périmètre Renfe : Intercity
11311;7161304;7164100;grande_vitesse;;périmètre Renfe : Intercity
11312;7161304;7165000;grande_vitesse;;périmètre Renfe : Intercity
11313;7161307;7162002;grande_vitesse;;périmètre Renfe : Intercity
11314;7161307;7162103;grande_vitesse;;périmètre Renfe : Intercity
11315;7161307;7164100;grande_vitesse;;périmètre Renfe : Intercity
11316;7161307;7165000;grande_vitesse;;périmètre Renfe : Intercity
11317;7162001;7162002;grande_vitesse;;périmètre Renfe : AVANT
11318;7162002;7162103;grande_vitesse;;périmètre Renfe : Intercity
11319;7162002;7164100;grande_vitesse;;périmètre Renfe : Intercity
11320;7162002;7165000;grande_vitesse;;périmètre Renfe : Intercity
11321;7162103;7164100;grande_vitesse;;périmètre Renfe : Intercity
11322;7162103;7165000;grande_vitesse;;périmètre Renfe : Intercity
11323;7164100;7165000;grande_vitesse;;périmètre Renfe : ALVIA, Intercity
11324;7164100;7165200;grande_vitesse;;périmètre Renfe : Intercity
11325;7164100;7165300;grande_vitesse;;périmètre Renfe : ALVIA, Intercity
11326;7164100;7165304;grande_vitesse;;périmètre Renfe : Intercity
11327;7164100;7165311;grande_vitesse;;périmètre Renfe : ALVIA, Intercity
11328;7164100;7165312;grande_vitesse;;périmètre Renfe : ALVIA, Intercity
11329;7164100;7165318;grande_vitesse;;périmètre Renfe : Intercity
11330;7164100;7165402;grande_vitesse;;périmètre Renfe : ALVIA, Intercity
11331;7164100;7165422;grande_vitesse;;périmètre Renfe : ALVIA, Intercity
11332;7164100;7171801;grande_vitesse;;périmètre Renfe : ALVIA, Intercity
11333;7165000;7165200;grande_vitesse;;périmètre Renfe : Intercity
11334;7165000;7165300;grande_vitesse;;périmètre Renfe : ALVIA, EUROMED, Intercity
11335;7165000;7165304;grande_vitesse;;périmètre Renfe : Intercity
11336;7165000;7165311;grande_vitesse;;périmètre Renfe : ALVIA, Intercity
11337;7165000;7165312;grande_vitesse;;périmètre Renfe : ALVIA, Intercity
11338;7165000;7165318;grande_vitesse;;périmètre Renfe : Intercity
11339;7165000;7165402;grande_vitesse;;périmètre Renfe : ALVIA, Intercity
11340;7165000;7165422;grande_vitesse;;périmètre Renfe : ALVIA, Intercity
11341;7165000;7171500;grande_vitesse;;périmètre Renfe : Intercity
11342;7165000;7171801;grande_vitesse;;périmètre Renfe : ALVIA, EUROMED, Intercity
11343;7165000;7179300;grande_vitesse;;périmètre Renfe : EUROMED
11344;7165200;7165300;grande_vitesse;;périmètre Renfe : Intercity
11345;7165200;7165304;grande_vitesse;;périmètre Renfe : Intercity
11346;7165200;7165311;grande_vitesse;;périmètre Renfe : Intercity
11347;7165200;7165312;grande_vitesse;;périmètre Renfe : Intercity
11348;7165200;7165318;grande_vitesse;;périmètre Renfe : Intercity
11349;7165200;7165402;grande_vitesse;;périmètre Renfe : Intercity
11350;7165200;7165422;grande_vitesse;;périmètre Renfe : Intercity
11351;7165200;7171500;grande_vitesse;;périmètre Renfe : Intercity
11352;7165200;7171801;grande_vitesse;;périmètre Renfe : Intercity
11353;7165300;7165304;grande_vitesse;;périmètre Renfe : Intercity
11354;7165300;7165311;grande_vitesse;;périmètre Renfe : ALVIA, Intercity
11355;7165300;7165312;grande_vitesse;;périmètre Renfe : ALVIA, Intercity
11356;7165300;7165318;grande_vitesse;;périmètre Renfe : Intercity
11357;7165300;7165402;grande_vitesse;;périmètre Renfe : ALVIA, Intercity
11358;7165300;7165422;grande_vitesse;;périmètre Renfe : ALVIA, Intercity
11359;7165300;7171500;grande_vitesse;;périmètre Renfe : Intercity
11360;7165300;7171801;grande_vitesse;;périmètre Renfe : ALVIA, EUROMED, Intercity
11361;7165300;7179300;grande_vitesse;;périmètre Renfe : EUROMED
11362;7165304;7165311;grande_vitesse;;périmètre Renfe : Intercity
11363;7165304;7165312;grande_vitesse;;périmètre Renfe : Intercity
11364;7165304;7165318;grande_vitesse;;périmètre Renfe : Intercity
11365;7165304;7165402;grande_vitesse;;périmètre Renfe : Intercity
11366;7165304;7165422;grande_vitesse;;périmètre Renfe : Intercity
11367;7165304;7171500;grande_vitesse;;périmètre Renfe : Intercity
11368;7165304;7171801;grande_vitesse;;périmètre Renfe : Intercity
11369;7165311;7165312;grande_vitesse;;périmètre Renfe : ALVIA, Intercity
11370;7165311;7165318;grande_vitesse;;périmètre Renfe : Intercity
11371;7165311;7165402;grande_vitesse;;périmètre Renfe : ALVIA, Intercity
11372;7165311;7165422;grande_vitesse;;périmètre Renfe : ALVIA, Intercity
11373;7165311;7171500;grande_vitesse;;périmètre Renfe : Intercity
11374;7165311;7171801;grande_vitesse;;périmètre Renfe : ALVIA, Intercity
11375;7165312;7165318;grande_vitesse;;périmètre Renfe : Intercity
11376;7165312;7165402;grande_vitesse;;périmètre Renfe : ALVIA, Intercity
11377;7165312;7165422;grande_vitesse;;périmètre Renfe : ALVIA, Intercity
11378;7165312;7171500;grande_vitesse;;périmètre Renfe : Intercity
11379;7165312;7171801;grande_vitesse;;périmètre Renfe : ALVIA, Intercity
11380;7165318;7165402;grande_vitesse;;périmètre Renfe : Intercity
11381;7165318;7165422;grande_vitesse;;périmètre Renfe : Intercity
11382;7165318;7171801;grande_vitesse;;périmètre Renfe : Intercity
11383;7165400;7165402;grande_vitesse;;périmètre Renfe : AVANT EXP
11384;7165400;7165404;grande_vitesse;;périmètre Renfe : AVANT EXP
11385;7165400;7165405;grande_vitesse;;périmètre Renfe : AVANT EXP
11386;7165400;7165420;grande_vitesse;;périmètre Renfe : AVANT EXP
11387;7165400;7165422;grande_vitesse;;périmètre Renfe : AVANT EXP
11388;7165400;7171801;grande_vitesse;;périmètre Renfe : AVANT EXP
11389;7165402;7165404;grande_vitesse;;périmètre Renfe : AVANT EXP
11390;7165402;7165405;grande_vitesse;;périmètre Renfe : AVANT EXP
11391;7165402;7165420;grande_vitesse;;périmètre Renfe : AVANT EXP
11392;7165402;7165422;grande_vitesse;;périmètre Renfe : ALVIA, AVANT EXP, Intercity
11393;7165402;7171500;grande_vitesse;;périmètre Renfe : Intercity
11394;7165402;7171801;grande_vitesse;;périmètre Renfe : ALVIA, AVANT EXP, Intercity
11395;7165404;7165405;grande_vitesse;;périmètre Renfe : AVANT EXP
11396;7165404;7165420;grande_vitesse;;périmètre Renfe : AVANT EXP
11397;7165404;7165422;grande_vitesse;;périmètre Renfe : AVANT EXP
11398;7165404;7171801;grande_vitesse;;périmètre Renfe : AVANT EXP
11399;7165405;7165420;grande_vitesse;;périmètre Renfe : AVANT EXP
11400;7165405;7165422;grande_vitesse;;périmètre Renfe : AVANT EXP
11401;7165405;7171801;grande_vitesse;;périmètre Renfe : AVANT EXP
11402;7165420;7165422;grande_vitesse;;périmètre Renfe : AVANT EXP
11403;7165420;7171801;grande_vitesse;;périmètre Renfe : AVANT EXP
11404;7165422;7171801;grande_vitesse;;périmètre Renfe : ALVIA, AVANT EXP, Intercity
11405;7170600;7171801;grande_vitesse;;périmètre Renfe : AVE
11406;7170600;7174200;grande_vitesse;;périmètre Renfe : AVE
11407;7170600;7178200;grande_vitesse;;périmètre Renfe : AVE
11408;7170600;7178400;grande_vitesse;;périmètre Renfe : AVE
11409;7170600;7179300;grande_vitesse;;périmètre Renfe : AVE
11410;7170600;7180100;grande_vitesse;;périmètre Renfe : ALVIA
11411;7170600;7180108;grande_vitesse;;périmètre Renfe : ALVIA
11412;7170600;7181100;grande_vitesse;;périmètre Renfe : ALVIA
11413;7170600;7181108;grande_vitesse;;périmètre Renfe : ALVIA
11414;7170600;7181109;grande_vitesse;;périmètre Renfe : ALVIA
11415;7170600;7181110;grande_vitesse;;périmètre Renfe : ALVIA
11416;7170600;7181200;grande_vitesse;;périmètre Renfe : ALVIA
11417;7170600;7181202;grande_vitesse;;périmètre Renfe : ALVIA
11418;7171500;7171801;grande_vitesse;;périmètre Renfe : Intercity
11419;7171801;7178400;grande_vitesse;;périmètre Renfe : ALVIA, AVANT, AVE, Intercity
11420;7171801;7179300;grande_vitesse;;périmètre Renfe : AVANT, AVE, AVE INT, EUROMED
11421;7171801;7180100;grande_vitesse;;périmètre Renfe : ALVIA, Intercity
11422;7171801;7180108;grande_vitesse;;périmètre Renfe : ALVIA, Intercity
11423;7171801;7181002;grande_vitesse;;périmètre Renfe : ALVIA
11424;7171801;7181100;grande_vitesse;;périmètre Renfe : ALVIA
11425;7171801;7181108;grande_vitesse;;périmètre Renfe : ALVIA
11426;7171801;7181200;grande_vitesse;;périmètre Renfe : ALVIA, Intercity
11427;7171801;7181202;grande_vitesse;;périmètre Renfe : ALVIA, Intercity
11428;7174200;7178200;grande_vitesse;;périmètre Renfe : AVE
11429;7178400;7179300;grande_vitesse;;périmètre Renfe : AVE
11430;7178400;7180100;grande_vitesse;;périmètre Renfe : ALVIA, Intercity
11431;7178400;7180108;grande_vitesse;;périmètre Renfe : ALVIA, Intercity
11432;7178400;7181002;grande_vitesse;;périmètre Renfe : ALVIA
11433;7178400;7181100;grande_vitesse;;périmètre Renfe : ALVIA
11434;7178400;7181108;grande_vitesse;;périmètre Renfe : ALVIA
11435;7178400;7181200;grande_vitesse;;périmètre Renfe : ALVIA, Intercity
11436;7178400;7181202;grande_vitesse;;périmètre Renfe : ALVIA, Intercity
11437;7180100;7180108;grande_vitesse;;périmètre Renfe : ALVIA, Intercity
11438;7180100;7181200;grande_vitesse;;périmètre Renfe : ALVIA, Intercity
11439;7180100;7181202;grande_vitesse;;périmètre Renfe : ALVIA, Intercity
11440;7180108;7181200;grande_vitesse;;périmètre Renfe : ALVIA, Intercity
11441;7180108;7181202;grande_vitesse;;périmètre Renfe : ALVIA, Intercity
11442;7181002;7181100;grande_vitesse;;périmètre Renfe : ALVIA, Intercity
11443;7181002;7181108;grande_vitesse;;périmètre Renfe : ALVIA
11444;7181002;7181200;grande_vitesse;;périmètre Renfe : ALVIA
11445;7181002;7181202;grande_vitesse;;périmètre Renfe : ALVIA
11446;7181100;7181108;grande_vitesse;;périmètre Renfe : ALVIA
11447;7181100;7181109;grande_vitesse;;périmètre Renfe : ALVIA
11448;7181100;7181110;grande_vitesse;;périmètre Renfe : ALVIA
11449;7181100;7181200;grande_vitesse;;périmètre Renfe : ALVIA
11450;7181100;7181202;grande_vitesse;;périmètre Renfe : ALVIA
11451;7181108;7181109;grande_vitesse;;périmètre Renfe : ALVIA
11452;7181108;7181110;grande_vitesse;;périmètre Renfe : ALVIA
11453;7181108;7181200;grande_vitesse;;périmètre Renfe : ALVIA
11454;7181108;7181202;grande_vitesse;;périmètre Renfe : ALVIA
11455;7181109;7181110;grande_vitesse;;périmètre Renfe : ALVIA
11456;7181109;7181200;grande_vitesse;;périmètre Renfe : ALVIA
11457;7181109;7181202;grande_vitesse;;périmètre Renfe : ALVIA
11458;7181110;7181200;grande_vitesse;;périmètre Renfe : ALVIA
11459;7181110;7181202;grande_vitesse;;périmètre Renfe : ALVIA
11460;7181200;7181202;grande_vitesse;;périmètre Renfe : ALVIA, Intercity
